x,y,v_target
0.15783525593271197,0.45338940299772673,5.0
0.11100754376144184,0.4823554431267081,5.0
0.0646106655619397,0.5108429705441833,5.0
0.018041225438677227,0.5392299837675931,5.0
-0.028700636500083282,0.5675184650164766,5.0
-0.07561453026880538,0.5957102987946454,5.0
-0.12269983366564446,0.623807290861899,5.0
-0.16995571087076503,0.6518111856001481,5.0
-0.21738113077019536,0.6797236837061207,5.0
-0.2649748855330659,0.7075464592679774,5.0
-0.3126475051704136,0.7352303534164943,5.0
-0.3604790908978059,0.7628251250642878,5.0
-0.40869231148681484,0.790460253792344,5.0
-0.4569961420943715,0.8179705708696232,5.0
-0.5056676851618971,0.8455157418982193,5.0
-0.5547076734688731,0.8730961792385096,5.0
-0.603476080453952,0.900356518567177,5.0
-0.652301609942671,0.9274871422349723,5.0
-0.7014088240478946,0.9546157690050937,5.0
-0.7505128999632509,0.9815884436794451,5.0
-0.7997005563053676,1.0084574574990215,5.0
-0.8488536451579101,1.035163096874116,5.0
-0.8978849667189936,1.0616639480249068,5.0
-0.947149388670083,1.0881562103574565,5.0
-0.9968221602326638,1.1147357183569007,5.0
-1.0466224085424234,1.141254507923619,5.0
-1.0963746558182705,1.1676239047200148,5.0
-1.1463471773277145,1.1939904237465913,5.0
-1.19662585298465,1.2204021070689475,5.0
-1.247111399238435,1.2468097593505334,5.0
-1.297710126572009,1.2731683281102826,5.0
-1.3484722198330452,1.2995081923497331,5.0
-1.3994173436864952,1.3258436102761006,5.0
-1.4505259344307313,1.3521686443858194,5.0
-1.5017606731613726,1.3784685738997031,5.0
-1.5528555069976218,1.4046124393757413,5.0
-1.6034475578345058,1.430422084327946,5.0
-1.6542083832582344,1.456246457456422,5.0
-1.705205625152663,1.482124247307533,5.0
-1.7555253159427815,1.5075981485642247,5.0
-1.8058898309183817,1.5330405589740215,5.0
-1.8566405330203393,1.558628283958675,5.0
-1.9073565731949724,1.5841538229983525,5.0
-1.95835871723106,1.6097836167028947,5.0
-2.009529890187801,1.6354636768476054,5.0
-2.0605563909486517,1.6610421226375511,5.0
-2.1116496155826936,1.6866305977559044,5.0
-2.162601622899743,1.7121306261458882,5.0
-2.2131827283022476,1.7374331246133088,5.0
-2.2636314870147807,1.762663099578241,5.0
-2.314188847861896,1.7879465244756299,5.0
-2.364544231294696,1.8131335681268874,5.0
-2.4143825783280213,1.8380718824366968,5.0
-2.464238948657914,1.8630343143948105,5.0
-2.5139185129893944,1.8879285420798666,5.0
-2.563145410362783,1.91262105865307,5.0
-2.6123161442609133,1.9373154173886369,5.0
-2.6619213361039478,1.9622637970216659,5.0
-2.711632117036275,1.9873070739543983,5.0
-2.7613550877159527,2.012403976632738,5.0
-2.8117430935900907,2.037891130034481,5.0
-2.8622033485137157,2.063476355836725,5.0
-2.9124717978209764,2.0890315861877564,5.0
-2.9629576799215,2.1147711379775433,5.0
-3.01379573780714,2.140771818661648,5.0
-3.0647803009298347,2.166936711880217,5.0
-3.1154665700666566,2.1930437505821945,5.0
-3.166081045611396,2.219214956993742,5.0
-3.216728618086224,2.2455112623000177,5.0
-3.2670712996182236,2.2717629241657162,5.0
-3.317221551925334,2.298033239521647,5.0
-3.3671834132560607,2.3243294348664305,5.0
-3.4172597376613103,2.3508175695589255,5.0
-3.4676245871464233,2.377599132324799,5.0
-3.5175260519162825,2.4042807080333746,5.0
-3.5670970942649616,2.4309360802943445,5.0
-3.6167594508480563,2.4577979802802594,5.0
-3.6662624412879,2.4847379350009016,5.0
-3.7154941399604637,2.5116997814794924,5.0
-3.7648224935089565,2.5388915493445747,5.0
-3.8142126643317336,2.5663031398566996,5.0
-3.8636774673642793,2.5939509141547736,5.0
-3.913748286288953,2.6221459746741336,5.0
-3.9639402351289954,2.650630569119529,5.0
-4.0141923492435305,2.6793812428739177,5.0
-4.064152861909694,2.708204345017092,5.0
-4.113831642817965,2.7371099130217575,5.0
-4.16384026458712,2.7664644047163245,5.0
-4.213789064947648,2.796052445220515,5.0
-4.26304705217833,2.825502846079816,5.0
-4.311524983790469,2.854756578270633,5.0
-4.360289122596844,2.884462036417242,5.0
-4.40906053178885,2.914463586032954,5.0
-4.4574029297593105,2.9444989491495956,5.0
-4.505587365172214,2.9747405963384144,5.0
-4.553366528500208,3.0050376245906314,5.0
-4.600673849121537,3.035347934509273,5.0
-4.647770694308184,3.0658415065176996,5.0
-4.6945608315661,3.0964607295444417,5.0
-4.741048405518451,3.127211714232238,5.0
-4.787539917755898,3.158305097055889,5.0
-4.834021753413966,3.1897443018743576,5.0
-4.880254397824151,3.221376423137484,5.0
-4.926118597058363,3.253123491996992,5.0
-4.972097675946227,3.285329686212986,5.0
-5.017945023018801,3.317836251907403,5.0
-5.0639297678925965,3.3508490901046786,5.0
-5.110297096140643,3.384569644680464,5.0
-5.1563551704439465,3.41851311926985,5.0
-5.201475157714743,3.452209077170826,5.0
-5.2460298650954496,3.4859234139095343,5.0
-5.291027808406204,3.5204342411148892,5.0
-5.336027437152546,3.5554307016801094,5.0
-5.3809822802564,3.5908954597165224,5.0
-5.425980873036124,3.6269192653464257,5.0
-5.470710396864196,3.663268402592249,5.0
-5.514995223527381,3.699805597858045,5.0
-5.558863184149794,3.736555662547573,5.0
-5.602407079118442,3.773601307447093,5.0
-5.6454671944221495,3.8108099617342557,5.0
-5.6880432601915984,3.8481803951558238,5.0
-5.730398742745773,3.8859501047713096,5.0
-5.772497194070544,3.924099642109249,5.0
-5.814593181837483,3.962880110398571,5.0
-5.856761429270815,4.002392513353328,5.0
-5.8985372323673175,4.042223152900478,5.0
-5.940355383375127,4.082809004994411,5.0
-5.9820932990421145,4.12406629132946,5.0
-6.023310848378505,4.165576906228915,5.0
-6.064324216665048,4.207672810350838,5.0
-6.105283670554827,4.250541565590656,5.0
-6.146036942111204,4.294059916173618,5.0
-6.186488194257834,4.338153876947554,5.0
-6.226606049360032,4.382814222985747,5.0
-6.266339751505499,4.428007678825998,5.0
-6.305657490498662,4.473719244418219,5.0
-6.344426441549873,4.519808933235362,5.0
-6.382717377414419,4.566373374035874,5.0
-6.420618680111812,4.613542903997873,5.0
-6.457978483313263,4.661149834605367,5.0
-6.494809019946461,4.709224685671197,5.0
-6.531220819291698,4.757936418708842,5.0
-6.567204346831022,4.807306693668951,5.0
-6.602750917360213,4.857360839285323,5.0
-6.637859014243245,4.908137872554112,5.0
-6.672570345282867,4.95974800517967,5.0
-6.706879517841494,5.0122431573225805,5.0
-6.740842308919451,5.06578221117235,5.0
-6.774419158918651,5.120389403265518,5.0
-6.807496987476245,5.17596514038922,5.0
-6.840175269347921,5.232774308223366,5.0
-6.872365045062664,5.29077913967689,5.0
-6.903917769510764,5.349818538625263,5.0
-6.934720465669503,5.4097697482167035,5.0
-6.964645012199487,5.470450974990055,5.0
-6.993491662033249,5.531480890127629,5.0
-7.021272664346198,5.592880222165181,5.0
-7.047856611717818,5.654329103317179,5.0
-7.073044953107658,5.715262080666888,5.0
-7.097049653623191,5.7760717860679875,5.0
-7.119747736558917,5.836325857572361,5.0
-7.140907070259391,5.895172083871839,5.0
-7.160514920738734,5.952235726529948,5.0
-7.17864853966383,6.007372495007019,5.0
-7.195587602835013,6.061114113862793,5.0
-7.211322697873889,6.113144427406872,5.0
-7.225783382167891,6.16288653927033,5.0
-7.239282646274863,6.211105597076878,5.0
-7.251768370516916,6.25734413010069,5.0
-7.263394810641211,6.301905100447723,5.0
-7.274403047310466,6.345526781876749,5.0
-7.2848055244071235,6.3881216784089165,5.0
-7.294497990755397,6.429086190012365,5.0
-7.3035727241562025,6.46861584289614,5.0
-7.312250582115335,6.507547234858584,5.0
-7.320527556616465,6.545783149999126,5.0
-7.32841555286203,6.583292858212612,5.0
-7.335855175124911,6.619685943459631,5.0
-7.342980899515437,6.6555240939156635,5.0
-7.349648564343487,6.6899744051067245,5.0
-7.355804096022933,6.722588220790595,5.0
-7.361580030720919,6.753914678425483,5.0
-7.366803486103444,6.782852084954006,5.0
-7.371494190021339,6.8093172959810655,5.0
-7.375844244385848,6.834256243161747,5.0
-7.3798946234825245,6.857815133754768,5.0
-7.383605559372036,6.879678764329491,5.0
-7.387152891512448,6.900823585596477,5.0
-7.390663969267191,6.921992568875093,5.0
-7.394179754264757,6.943439641848735,5.0
-7.39783259106072,6.966006250018026,5.0
-7.401531292040014,6.98917433571878,5.0
-7.405153073893375,7.012187152395047,5.0
-7.40881737723457,7.035816914474208,5.0
-7.412471187299002,7.059749411232352,5.0
-7.416118077539977,7.084028466994924,5.0
-7.419540220972073,7.107178569541989,5.0
-7.4227334894021535,7.129099263689875,5.0
-7.425738247931314,7.150004327453461,5.0
-7.428347247146082,7.1683641675008625,5.0
-7.430835320818706,7.186043779909791,5.0
-7.4333130859752305,7.203817785252398,5.0
-7.435767820668081,7.221596718145429,5.0
-7.438420869179728,7.241017260768279,5.0
-7.441374664516303,7.262928016566321,5.0
-7.444606412117714,7.287308528612509,5.0
-7.448088098304757,7.31413239353796,5.0
-7.45182639311124,7.343693297041986,5.0
-7.455946158805434,7.3773877633570555,5.0
-7.460327095343241,7.414839305050731,5.0
-7.464806849916613,7.455328589563565,5.0
-7.469326130086307,7.499096043628755,5.0
-7.473695476856765,7.545142026414241,5.0
-7.477754897038868,7.592406254945398,5.0
-7.4815384607545825,7.642056466730706,5.0
-7.484918322651284,7.693502279819388,5.0
-7.487682012605499,7.7436446883659045,5.0
-7.489896913806294,7.792836055151789,5.0
-7.491595110445673,7.84081795568907,5.0
-7.492820647394665,7.8874542599987265,5.0
-7.493634953052211,7.934202027479709,5.0
-7.494034998187086,7.980520126400007,5.0
-7.494042939504937,8.025632999704166,5.0
-7.49369004155581,8.070112737584637,5.0
-7.492980548179977,8.114656736638569,5.0
-7.491927220076811,8.158817424545115,5.0
-7.4905512865558,8.202374335319625,5.0
-7.488827274851863,8.246275940238222,5.0
-7.4867048343342235,8.291251251828315,5.0
-7.484185155410124,8.3367419908937,5.0
-7.48120449605142,8.383397976629396,5.0
-7.477693803022035,8.431569767635155,5.0
-7.47363173587684,8.48087952977704,5.0
-7.4688998150373695,8.532050216590317,5.0
-7.463414031621878,8.585131285661554,5.0
-7.457209708132293,8.639157210772431,5.0
-7.450190961091192,8.694490898292917,5.0
-7.44221887170728,8.751609473046958,5.0
-7.433276413898344,8.810035899976423,5.0
-7.423274810409734,8.869840728294335,5.0
-7.41219457532874,8.930691370132072,5.0
-7.400064073319319,8.992128766059675,5.0
-7.38677067649417,9.054453664947776,5.0
-7.372224398737753,9.117763574367991,5.0
-7.356455221084679,9.181654749891992,5.0
-7.339514122512176,9.245760951526949,5.0
-7.321437284958276,9.309866239508132,5.0
-7.302223236416493,9.373929558968872,5.0
-7.2819219252712895,9.437764657731606,5.0
-7.260615207316405,9.501140593612899,5.0
-7.23838806663676,9.563872860668086,5.0
-7.215324483345938,9.625821182271489,5.0
-7.191512030707404,9.686866273557854,5.0
-7.167065370563988,9.746848830420795,5.0
-7.142018014082163,9.805822903002474,5.0
-7.116431680964075,9.863769540438314,5.0
-7.090371518738728,9.920664554933152,5.0
-7.063868450294361,9.976556172035904,5.0
-7.036999293371166,10.031393021931999,5.0
-7.0097856558498695,10.085236090557787,5.0
-6.982010372618292,10.138581963095492,5.0
-6.953685205538458,10.191443050070035,5.0
-6.924993243919611,10.243527475706697,5.0
-6.895841415729558,10.295056342107893,5.0
-6.866059039801255,10.346353401146246,5.0
-6.835510233045236,10.397645808616456,5.0
-6.804124883095943,10.44902772344527,5.0
-6.772082912411816,10.500191594344303,5.0
-6.739555310445803,10.550879314610539,5.0
-6.706435447417145,10.6012751756814,5.0
-6.6725692996688855,10.651611558542562,5.0
-6.638087795605389,10.701690207616721,5.0
-6.603442537667089,10.750889214729128,5.0
-6.568545916461401,10.79938589435948,5.0
-6.533266603663916,10.847397641160246,5.0
-6.497635155177975,10.894908856636263,5.0
-6.461425496383343,10.942234492323795,5.0
-6.424955260545892,10.988976237091046,5.0
-6.388476608642575,11.034853777113684,5.0
-6.351757248702269,11.080199275393996,5.0
-6.314633075099314,11.125234712880008,5.0
-6.2772451903062,11.169805753612026,5.0
-6.239839261127757,11.213650596799722,5.0
-6.2022381429006845,11.257008184560926,5.0
-6.164301523449614,11.300057609157099,5.0
-6.1257481039002855,11.343119334834194,5.0
-6.0867202781301275,11.386030703452919,5.0
-6.04733412627572,11.428669491721381,5.0
-6.007370446092603,11.47127481993457,5.0
-5.9670859290533205,11.513575980141432,5.0
-5.9264946510342185,11.555569493448932,5.0
-5.885711118103247,11.59715142096504,5.0
-5.844871101870435,11.638204209953267,5.0
-5.804328119053857,11.678405405414711,5.0
-5.764014985283258,11.717859538884925,5.0
-5.723145787228744,11.75734983368994,5.0
-5.681543439643011,11.797037316421552,5.0
-5.639595678114028,11.836547593928062,5.0
-5.597734373550253,11.875488901828165,5.0
-5.5561357889834895,11.913725041548595,5.0
-5.514173739277491,11.95184800038341,5.0
-5.4714418234893145,11.990221075753125,5.0
-5.428595573965794,12.028255154799366,5.0
-5.385899784815233,12.065733248236805,5.0
-5.3431281145405904,12.10287185250412,5.0
-5.299833112679589,12.14006395317481,5.0
-5.256221170163151,12.177132261481724,5.0
-5.212318169729398,12.214059040719645,5.0
-5.168359470358074,12.250655010945582,5.0
-5.124964739138358,12.286426710703685,5.0
-5.081571794434749,12.321859533115514,5.0
-5.0377306766967145,12.357326306081518,5.0
-4.993472113621818,12.392801243966325,5.0
-4.949679406490509,12.427588775788543,5.0
-4.905973369842642,12.462008933258813,5.0
-4.861428834890968,12.496790778090402,5.0
-4.816214560484655,12.531793088726722,5.0
-4.770388340334009,12.566965047552129,5.0
-4.724480075294206,12.601901873303769,5.0
-4.678440103141101,12.636649421741286,5.0
-4.6316321659083695,12.67168728140231,5.0
-4.584436982614774,12.706726940822145,5.0
-4.537390743193226,12.741377988692907,5.0
-4.490037626957583,12.775984532796665,5.0
-4.442307871976811,12.810599820633989,5.0
-4.394523729662154,12.844995227015241,5.0
-4.346311643343895,12.879444117732715,5.0
-4.298322343126689,12.913488794093771,5.0
-4.25133218843601,12.946599391646036,5.0
-4.204409935945966,12.979450155490694,5.0
-4.157070580117217,13.01238521155526,5.0
-4.109793276732505,13.045075650098001,5.0
-4.0631380724067485,13.077147096892146,5.0
-4.01752574591442,13.108329897624849,5.0
-3.971934976237898,13.139336101491207,5.0
-3.9255337423530543,13.17073178451353,5.0
-3.8789684751201152,13.202078650166658,5.0
-3.832701733594215,13.233071957590079,5.0
-3.7867658046683594,13.263699596103237,5.0
-3.7409982740316483,13.29407808457908,5.0
-3.695214270667165,13.324335961655379,5.0
-3.6494077380584633,13.354481784282093,5.0
-3.6033830391455095,13.38464765302355,5.0
-3.55709582837313,13.414864686181643,5.0
-3.5108748855156318,13.444921774434302,5.0
-3.464329601485825,13.47507609291471,5.0
-3.417329640602907,13.50541273488126,5.0
-3.37070535479578,13.535399741805685,5.0
-3.3242383824951443,13.565184154687355,5.0
-3.2767731428977624,13.595507158363455,5.0
-3.2288141691941106,13.626044315425819,5.0
-3.1811016061660258,13.65632757081937,5.0
-3.1331100753624925,13.68669440510525,5.0
-3.0847864300649315,13.717180190635892,5.0
-3.0362626067913943,13.747703789357343,5.0
-2.9874490539407383,13.778323822024838,5.0
-2.93866610039952,13.808842451996544,5.0
-2.890417981674769,13.838949936214526,5.0
-2.842276061216613,13.868919387312962,5.0
-2.794003870590487,13.898901459514,5.0
-2.7462822530016173,13.928477828148413,5.0
-2.69895682985953,13.957749823934819,5.0
-2.6514982567831904,13.987048539069193,5.0
-2.6040651263773125,14.01627877099252,5.0
-2.556170688132446,14.04574243193068,5.0
-2.5072640067576675,14.075778297414473,5.0
-2.45799470412356,14.105987653981753,5.0
-2.408669200452986,14.136184875688807,5.0
-2.359121628148238,14.166474025385169,5.0
-2.3089540938042434,14.197099898599944,5.0
-2.2584600627368236,14.227884835319367,5.0
-2.2079882054902447,14.258618827891619,5.0
-2.15698915512207,14.289638681852331,5.0
-2.1064493989288935,14.320347234066638,5.0
-2.056701835827922,14.350546506045864,5.0
-2.006536212823467,14.38097422205421,5.0
-1.9562642577882974,14.411443374033958,5.0
-1.9066797407789708,14.44147586761663,5.0
-1.8575145762820895,14.471237259169776,5.0
-1.8089389819027366,14.500627347610902,5.0
-1.761235757066655,14.52947784207092,5.0
-1.7137501279489267,14.558187096249762,5.0
-1.6663317156120268,14.586847887789592,5.0
-1.6188266553130304,14.615554903872011,5.0
-1.57088485202142,14.644521249090843,5.0
-1.5231048626350538,14.673386870763194,5.0
-1.4753882841067942,14.702212824427294,5.0
-1.4274116175104856,14.731196067527405,5.0
-1.379253538972141,14.760290590529348,5.0
-1.3309049344600048,14.789503414444928,5.0
-1.282783024790048,14.818583879423192,5.0
-1.2348998623198377,14.847525970136951,5.0
-1.1869640486453428,14.876507069278777,5.0
-1.1392643175406822,14.905353799325352,5.0
-1.0914643412267095,14.934270695308163,5.0
-1.0430040727901864,14.963598045143966,5.0
-0.9942870130310311,14.993093251815813,5.0
-0.9459628280693544,15.02236403368612,5.0
-0.898021709016781,15.051416944277253,5.0
-0.8500059887615516,15.08053013557633,5.0
-0.8018981354943293,15.10971528545315,5.0
-0.7537329401414132,15.138952292515413,5.0
-0.7052532632578989,15.168398382900182,5.0
-0.65624051380931,15.198187826761622,5.0
-0.6074089837417336,15.227887591373808,5.0
-0.5591191944447287,15.257278560689217,5.0
-0.5104214460846063,15.286939351693428,5.0
-0.4612733594800806,15.316897232041784,5.0
-0.41243527528108004,15.346689520578057,5.0
-0.3640279880130468,15.376242412869967,5.0
-0.3157094251631649,15.405764777112331,5.0
-0.26752689077939695,15.435227975106766,5.0
-0.21925013681704536,15.464773200557259,5.0
-0.1708960535335537,15.494390692939334,5.0
-0.12277381398327092,15.523891280057924,5.0
-0.07432944450423914,15.553614980586586,5.0
-0.025541629065109928,15.583575869403406,5.0
0.023008787908092354,15.613417607445596,5.0
0.07165158740536154,15.643342941432373,5.0
0.12069349375150612,15.67354128145194,5.0
0.16955545677891404,15.703656439216777,5.0
0.2182691130019645,15.733707626783444,5.0
0.2671293216363235,15.76387678161136,5.0
0.31591877105587124,15.794029807943105,5.0
0.3643889259360444,15.824012625248796,5.0
0.41280029459907347,15.853985876477685,5.0
0.46169924713601945,15.884288192074118,5.0
0.510574631928195,15.91460316390955,5.0
0.5590038084340962,15.944667921636848,5.0
0.6075226962663974,15.97481452927993,5.0
0.6559187695608559,16.004910617517588,5.0
0.7036893970806832,16.034642511236484,5.0
0.7514920321961553,16.06441844756963,5.0
0.7994123022960116,16.094291532478923,5.0
0.8471316811003402,16.124062698477193,5.0
0.8952252298081438,16.154090426706844,5.0
0.9436532712035968,16.184350120618433,5.0
0.991976226502302,16.21456677968772,5.0
1.0400134351006325,16.244626487522595,5.0
1.0879825930786529,16.274664536248192,5.0
1.135856797785234,16.304663289928413,5.0
1.1834759225467777,16.33452144101172,5.0
1.2312810969375576,16.364514818819444,5.0
1.2791258069378861,16.394550918422564,5.0
1.326784122745313,16.424487006094584,5.0
1.374776240818932,16.45464911148411,5.0
1.4231074858963906,16.48504014905242,5.0
1.4711525286191727,16.51526600817388,5.0
1.519005886119064,16.545384905706754,5.0
1.5667892462592736,16.57547230494579,5.0
1.614244879297221,16.60536471731852,5.0
1.6617322540001058,16.635287411949335,5.0
1.7094667515497681,16.665375159453294,5.0
1.7572092331717435,16.695476214079374,5.0
1.8049026696731076,16.72555345940035,5.0
1.852834393697974,16.755786964314655,5.0
1.900899482151851,16.78610939569114,5.0
1.9485587035468859,16.81617925389659,5.0
1.9961741518559635,16.84622365673345,5.0
2.0442401316013514,16.876553208220972,5.0
2.0923934723289777,16.906937374965473,5.0
2.140214359549829,16.937109852394407,5.0
2.1880396938656683,16.96728180926552,5.0
2.235892012319981,16.99746600157434,5.0
2.283533051899361,17.027510697406186,5.0
2.331230068973419,17.05758298395411,5.0
2.378841443373253,17.08759205574905,5.0
2.426314455069574,17.117503230826966,5.0
2.473820667823812,17.14742309280698,5.0
2.521499755978647,17.177437901736877,5.0
2.5690980570488597,17.20738628344557,5.0
2.6166010632607244,17.237257574469215,5.0
2.6644287424399726,17.26731400350699,5.0
2.7123100266069065,17.29738317415933,5.0
2.7601019151732302,17.32737354436563,5.0
2.808236631411497,17.35755428708828,5.0
2.8566122379358183,17.387858998504573,5.0
2.9049700265960197,17.418123434619584,5.0
2.9535766324080286,17.448512218838406,5.0
3.0022884193878117,17.478933068844817,5.0
3.0508653407095934,17.509234070773505,5.0
3.099224759217986,17.539362156066492,5.0
3.147436595506002,17.569359418615782,5.0
3.195598656691111,17.599284999894852,5.0
3.2435739568421518,17.62905215159747,5.0
3.2916465794009944,17.658835255355704,5.0
3.339892982792549,17.688679095886044,5.0
3.3881241348500293,17.71846432198528,5.0
3.4363084831702153,17.748169451438184,5.0
3.4844504276188144,17.777795255467307,5.0
3.532441518137908,17.80727329315993,5.0
3.5805211817306284,17.83674863679541,5.0
3.6288819007322286,17.866336224459435,5.0
3.6771801050212565,17.895823098446627,5.0
3.7256173831212527,17.92532990234004,5.0
3.7744889792431255,17.955032648393097,5.0
3.8233976231121845,17.984686209030766,5.0
3.872199812096609,18.014201431710084,5.0
3.921191100591206,18.043754451253317,5.0
3.970226525467724,18.07325469816589,5.0
4.0191085656231,18.10258130779198,5.0
4.067897377466558,18.13176882232324,5.0
4.116800390909675,18.16093889129349,5.0
4.166038812816383,18.19021945901376,5.0
4.215404020264449,18.21948231170207,5.0
4.264817614387072,18.248677834669355,5.0
4.314386401539302,18.27786584208187,5.0
4.364033271707778,18.30699747340469,5.0
4.413573203658754,18.335961767883713,5.0
4.462926455834603,18.364710859449698,5.0
4.512113312785951,18.39325563536195,5.0
4.561175613639013,18.421619234104742,5.0
4.610164489722625,18.449829707622758,5.0
4.6590339407380625,18.47785907431195,5.0
4.707729995991966,18.505675393212414,5.0
4.7565113840347175,18.533424554786166,5.0
4.805333662330566,18.561078359751512,5.0
4.854233071987981,18.588654442526238,5.0
4.90335033307373,18.61622835426515,5.0
4.952314760992363,18.643589333589468,5.0
5.001224028327592,18.670790738270835,5.0
5.050319790978421,18.697963976883496,5.0
5.099704638414298,18.725160933998357,5.0
5.149320554604682,18.75234441377942,5.0
5.199112195392954,18.779479398861188,5.0
5.249089653625776,18.80656688686173,5.0
5.299275268808103,18.83361422290762,5.0
5.349512934915849,18.86053327326412,5.0
5.399509521676422,18.88716576936573,5.0
5.449352462052574,18.91355844700831,5.0
5.499057146266552,18.939719031171208,5.0
5.548749265328908,18.96571240395683,5.0
5.59861705203984,18.991633744803774,5.0
5.648579994404671,19.01743719169576,5.0
5.698621300344825,19.04311069199877,5.0
5.748887857851958,19.068725315992502,5.0
5.799271592627065,19.094221389247156,5.0
5.849792199423884,19.11960486578049,5.0
5.9004413706605225,19.1448674526999,5.0
5.951236767896193,19.170013746010625,5.0
6.002205214240257,19.19505244809211,5.0
6.053353708999037,19.21998212467814,5.0
6.104868777928104,19.24488724898757,5.0
6.156585207849894,19.26968123945504,5.0
6.208562536217166,19.294386694824638,5.0
6.260721999637665,19.318960323331357,5.0
6.31282266572024,19.343285412693884,5.0
6.364904147293864,19.367378994694644,5.0
6.417054327134341,19.39127921100008,5.0
6.4691762347272785,19.41493921253383,5.0
6.521308264201681,19.438374566639283,5.0
6.573538766234111,19.46162204387056,5.0
6.625886589954568,19.48468614316036,5.0
6.67831345968928,19.507546285990813,5.0
6.730783645903229,19.530183863577754,5.0
6.783211206235137,19.552559914247897,5.0
6.835624183735919,19.57468510163486,5.0
6.888194208879483,19.596628736868137,5.0
6.940759707105804,19.61832015263901,5.0
6.993325864415069,19.639759781101574,5.0
7.045977985850686,19.66097986939273,5.0
7.098750378513842,19.681990555085953,5.0
7.151761602542082,19.702833846608108,5.0
7.204978311588119,19.723490554454983,5.0
7.258375974925411,19.743945618970606,5.0
7.3119127609414925,19.76417812828872,5.0
7.365532633816213,19.784163019606556,5.0
7.419315613179695,19.803925984143472,5.0
7.473277490881283,19.82346767245888,5.0
7.52731980782501,19.842748143121234,5.0
7.581460848278484,19.861770500481878,5.0
7.635700288594735,19.880531026530097,5.0
7.690017365663734,19.899019175582808,5.0
7.744395931340011,19.91722650765106,5.0
7.7988403371877615,19.935151684518573,5.0
7.853386597260369,19.952803332034662,5.0
7.90804448388213,19.970180873386287,5.0
7.96284262458929,19.987289235773726,5.0
8.017960618286004,20.0041779065672,5.0
8.073397712241249,20.020837920331946,5.0
8.129046540098626,20.037229463370494,5.0
8.184915275218266,20.053348524402725,5.0
8.24083598341744,20.069142136087905,5.0
8.296900399056032,20.08463262036705,5.0
8.353235991004272,20.099848905747656,5.0
8.409649336832834,20.11473324326188,5.0
8.466013923033474,20.12925074947305,5.0
8.522278705248935,20.14338902830963,5.0
8.578494069184247,20.157161527688785,5.0
8.634591785665632,20.17055256481715,5.0
8.690342958718839,20.18351227380465,5.0
8.745617035243459,20.196019529452442,5.0
8.80039223283,20.208080394641073,5.0
8.854806959089302,20.219734797978894,5.0
8.909235884456658,20.23106622430015,5.0
8.963679935189651,20.242073607981347,5.0
9.018071261347968,20.252742791888355,5.0
9.072158221343326,20.26302782892175,5.0
9.125874361050332,20.272923289532425,5.0
9.179389825045531,20.282466454571406,5.0
9.23269235282727,20.29165919053503,5.0
9.28561826115037,20.30047935778446,5.0
9.33812052927461,20.30892759686792,5.0
9.390524976393335,20.317061561537866,5.0
9.44241473396963,20.324822757920387,5.0
9.493712133466007,20.33221124334154,5.0
9.54519882023539,20.3393433845317,5.0
9.597276679077904,20.346265497624756,5.0
9.649470327722812,20.352905735453874,5.0
9.701212531803352,20.359195067880588,5.0
9.752508401062421,20.365143569440413,5.0
9.80345188997116,20.370770368836453,5.0
9.854265997733203,20.376104775774305,5.0
9.905258432291527,20.381177949974504,5.0
9.956238376897918,20.385968479093226,5.0
10.006931984085124,20.390453325254168,5.0
10.057759956997558,20.39467079755249,5.0
10.108634994269408,20.398611074542316,5.0
10.159410014685951,20.4022627772665,5.0
10.210705736606004,20.405665297022942,5.0
10.26248013965114,20.408803984214845,5.0
10.31443592570081,20.411652646409664,5.0
10.366440598439898,20.414200759633168,5.0
10.418703270055131,20.416454394061066,5.0
10.47170273928314,20.418421781585323,5.0
10.525181651400443,20.42007799715612,5.0
10.578652814150251,20.421401511469785,5.0
10.632011896648471,20.422390620012834,5.0
10.6850271749447,20.423046070698636,5.0
10.737050476520643,20.423375547507227,5.0
10.787405040447117,20.423405490979803,5.0
10.836676433004024,20.423166587046435,5.0
10.884914975021763,20.422680738485916,5.0
10.931869292864642,20.421973732793017,5.0
10.978256741655706,20.421052575889515,5.0
11.024344863182105,20.41991989410062,5.0
11.070607882257612,20.418564912180848,5.0
11.117017398444037,20.41698513465705,5.0
11.163306255371998,20.41518913240755,5.0
11.210241209567084,20.413141839246688,5.0
11.257443191175078,20.410850635165723,5.0
11.304812107067887,20.408315817954957,5.0
11.352706652078252,20.40551097790679,5.0
11.40066424176195,20.402456961079377,5.0
11.448405760644292,20.39917284700568,5.0
11.49506458771504,20.395731079742916,5.0
11.541460024054514,20.392084251157513,5.0
11.589016098627349,20.38811142381577,5.0
11.637492852748686,20.383811434229578,5.0
11.685777280058202,20.3792752379772,5.0
11.73418467691838,20.374473728602403,5.0
11.783610769928098,20.369305698159966,5.0
11.83306066008263,20.36386366192721,5.0
11.882396420675516,20.358163568358943,5.0
11.931773690023443,20.352188016998852,5.0
11.980996693260701,20.345961728852117,5.0
12.030189551194137,20.33947082155998,5.0
12.079299240370958,20.332723338171764,5.0
12.128205587363793,20.325738723499104,5.0
12.17686692801895,20.31852759931892,5.0
12.225207365345645,20.311107107548583,5.0
12.273790814915053,20.3033913658836,5.0
12.322587110099851,20.295380159536617,5.0
12.370882433675089,20.287193623720288,5.0
12.4193515879264,20.278720724919538,5.0
12.468333330101503,20.26989478040889,5.0
12.518117567027804,20.260649058183517,5.0
12.568764666468832,20.250953450238804,5.0
12.620000711062037,20.24084335860769,5.0
12.671784103458872,20.230313226780524,5.0
12.724231071598625,20.219324383414556,5.0
12.77692073908853,20.207953445065996,5.0
12.829368153704076,20.196304763740375,5.0
12.88211784176524,20.184256327203492,5.0
12.935288584376718,20.17177148864514,5.0
12.988582932034035,20.158912743851854,5.0
13.042080650494572,20.145656232930257,5.0
13.095877201719592,20.131971332233793,5.0
13.150130474292457,20.117807428474215,5.0
13.204751972746305,20.103176051233696,5.0
13.259556435496899,20.088118806233087,5.0
13.314871920416966,20.072535410642356,5.0
13.37064903451164,20.056425510370598,5.0
13.426415656047547,20.039918416911775,5.0
13.482214519840603,20.02300052293473,5.0
13.537916736043098,20.005711184434965,5.0
13.593305138616069,19.988123051732526,5.0
13.648448261563965,19.970221700841726,5.0
13.7034049077319,19.95199354289241,5.0
13.758239936604053,19.93342080953278,5.0
13.812814380105147,19.914555348071705,5.0
13.867105474128447,19.895412038358323,5.0
13.92124090286523,19.875951387183843,5.0
13.975215181171873,19.856179204788422,5.0
14.029020040859413,19.83610254292308,5.0
14.08268607462287,19.815713701588262,5.0
14.136257878885047,19.79499843395072,5.0
14.189751931423851,19.773952244605326,5.0
14.243110917154143,19.752600118165883,5.0
14.29632098751583,19.73095099281922,5.0
14.349393732494883,19.70900358235952,5.0
14.402330405773204,19.68676063005899,5.0
14.455111808089727,19.66423370772123,5.0
14.507736256976068,19.641427316794896,5.0
14.560223519189735,19.618336438694698,5.0
14.612593028175759,19.594955564016715,5.0
14.664874756283353,19.571273715298013,5.0
14.71705500959684,19.54729929996383,5.0
14.769101737906112,19.52304985327405,5.0
14.821017717511797,19.498527278638928,5.0
14.872797299396927,19.473737486919077,5.0
14.924457046409794,19.44867566024801,5.0
14.97603788152924,19.42332433540987,5.0
15.027490926120542,19.397710042134175,5.0
15.07870703407255,19.37189162993216,5.0
15.12966077415324,19.345888111756555,5.0
15.180383585813788,19.319689535563015,5.0
15.230832903853148,19.293324090918702,5.0
15.28119714366755,19.26669771474012,5.0
15.33146231315563,19.239820102752663,5.0
15.381538014769234,19.212743163676,5.0
15.431543079570442,19.185405878022213,5.0
15.48134545927109,19.1578838402486,5.0
15.530975530144994,19.130164874130173,5.0
15.580529694323022,19.102198256352896,5.0
15.629919062520273,19.07403719624946,5.0
15.679095325968412,19.04571387948141,5.0
15.728013552735526,19.01725988388333,5.0
15.776703741893419,18.988663599607012,5.0
15.825262226323813,18.95987284153351,5.0
15.873706512144063,18.930880348639278,5.0
15.922268445307976,18.90154772281872,5.0
15.970826128686546,18.871947755847717,5.0
16.01899183373151,18.84232163298609,5.0
16.066927147892063,18.81257723806645,5.0
16.114852129267383,18.78258112206117,5.0
16.16280194106513,18.75231164401463,5.0
16.210762721587038,18.721777718431955,5.0
16.258682433970154,18.691013371358913,5.0
16.30645388954045,18.660090039178435,5.0
16.354187819633633,18.62893863697347,5.0
16.401990074108703,18.597490408904637,5.0
16.449598889493956,18.565919561267545,5.0
16.49686007680755,18.534334682417708,5.0
16.544068644040326,18.502543457762304,5.0
16.591350338042773,18.4704617432134,5.0
16.638530583751404,18.438209057979854,5.0
16.685609102309897,18.40578845018436,5.0
16.73262357887023,18.37317645831539,5.0
16.779580433233043,18.340370693635403,5.0
16.82645514870966,18.30739054613397,5.0
16.873197352976227,18.274274469847104,5.0
16.919629118826297,18.24115375826771,5.0
16.96581163903179,18.20799106917451,5.0
17.011949183705582,18.174643459119974,5.0
17.05806712359917,18.141094173065323,5.0
17.104214321284868,18.10730857544396,5.0
17.15021016142345,18.07342106060611,5.0
17.195893127176443,18.0395559321571,5.0
17.241516469475158,18.005529880521767,5.0
17.28712625511819,17.971310278753236,5.0
17.332406483855365,17.937138350574177,5.0
17.37720895517929,17.90313407037828,5.0
17.421697363625157,17.86918103143144,5.0
17.46634250148728,17.834922342164877,5.0
17.5111245897215,17.800371852272853,5.0
17.555749140599467,17.76575808542689,5.0
17.600329772975453,17.730995730251326,5.0
17.64481483353137,17.696127374767343,5.0
17.688972762013126,17.661339105400906,5.0
17.73289080275976,17.626567854177566,5.0
17.776765636304024,17.591661285108493,5.0
17.82062222317976,17.556601202056257,5.0
17.864576600374985,17.52129543897242,5.0
17.908515673741903,17.485835437007104,5.0
17.952351842510165,17.450294024618813,5.0
17.996205878667112,17.41457516739881,5.0
18.040018580570532,17.378728522580232,5.0
18.0837799446935,17.342764229643922,5.0
18.127435703578428,17.306729309356914,5.0
18.17096287876345,17.27064569492323,5.0
18.21448160021028,17.234416061754604,5.0
18.25798174201935,17.198050331956907,5.0
18.30154967114643,17.16147727738163,5.0
18.345267931555107,17.12462743521565,5.0
18.388987290435235,17.087626911321788,5.0
18.432604248903658,17.050565360456726,5.0
18.47609650346428,17.01346463568597,5.0
18.519341853400313,16.97643280772971,5.0
18.562304974639986,16.939504913078288,5.0
18.605252372212238,16.902455123426392,5.0
18.64828151961085,16.865200283267953,5.0
18.691206852573284,16.827902552070174,5.0
18.733950243551067,16.790632927039056,5.0
18.776451389453776,16.75344789119059,5.0
18.81867700388424,16.71638094841258,5.0
18.860793588538588,16.679289469153844,5.0
18.90287965784205,16.642106402659326,5.0
18.944900568424163,16.604864195528958,5.0
18.986880656996988,16.56754316734708,5.0
19.02896394497164,16.5300162478058,5.0
19.071211308716258,16.492229027280654,5.0
19.113415556820676,16.454367513368172,5.0
19.155415509808513,16.416578951343098,5.0
19.19729498806832,16.378790942331094,5.0
19.239242046453427,16.34083539422984,5.0
19.28130986015293,16.302664566554096,5.0
19.323381150836916,16.26438559200359,5.0
19.365368887999164,16.226079398950255,5.0
19.40727965161867,16.187742108660856,5.0
19.449128794872976,16.149361676988306,5.0
19.490837777831878,16.111012412880726,5.0
19.532395036261136,16.072707614016604,5.0
19.573925208317043,16.0343345111341,5.0
19.615429246151702,15.995893760286739,5.0
19.65686922553012,15.957422178095541,5.0
19.69826437151865,15.918903677154933,5.0
19.739559129903128,15.880391851130305,5.0
19.78079960526367,15.841845622881552,5.0
19.822088759498033,15.80317005214327,5.0
19.863456730809972,15.764337669852582,5.0
19.904922612550422,15.725331133047295,5.0
19.9463182124544,15.686309841569559,5.0
19.987558029017723,15.647356552368068,5.0
20.028727027532057,15.608393140864138,5.0
20.069920402427865,15.569330949535319,5.0
20.111140881927746,15.530168468401286,5.0
20.15231984180339,15.490972213132299,5.0
20.193472153418416,15.451729531641792,5.0
20.2345667911066,15.412471559419798,5.0
20.275562903133856,15.373239101580358,5.0
20.316469887297426,15.334025025984097,5.0
20.357360813672997,15.29476085852375,5.0
20.398272250402012,15.255412699785145,5.0
20.439119538331553,15.21606333643639,5.0
20.479832615233033,15.176782084006526,5.0
20.52040102988709,15.137581057998782,5.0
20.560888004457592,15.098401010032921,5.0
20.601467999432572,15.05907426107711,5.0
20.642135275192032,15.019607061188617,5.0
20.682774361510003,14.980112506024252,5.0
20.723357427601105,14.94061905861325,5.0
20.763828912169185,14.901182407009193,5.0
20.804197963661288,14.861795349137212,5.0
20.844564234464247,14.82236207767736,5.0
20.88499878193646,14.782814181178056,5.0
20.92546469541253,14.743188691768205,5.0
20.965920599824667,14.703527243553278,5.0
21.006343673599005,14.663853471694821,5.0
21.04670185529606,14.624200217351826,5.0
21.086999507737858,14.58456461338663,5.0
21.12724713648247,14.544937701242693,5.0
21.16748357919983,14.505282507131177,5.0
21.207745933970166,14.465563582581987,5.0
21.24800481441376,14.425811018633139,5.0
21.288252814482565,14.386033298010862,5.0
21.32851569435363,14.346206098404272,5.0
21.368798144628144,14.306325866808399,5.0
21.40908225735137,14.266411445158731,5.0
21.449326699368278,14.226504995718592,5.0
21.489527114324876,14.186612111889271,5.0
21.529705371686575,14.146712331426276,5.0
21.56987501372048,14.106793390774476,5.0
21.610044952345927,14.066847586807155,5.0
21.6502070001271,14.02688421430729,5.0
21.690338703948655,13.986926806497054,5.0
21.730446324429018,13.946970337637985,5.0
21.7705455592017,13.907000348866012,5.0
21.810636264211652,13.867018146060579,5.0
21.85071922251885,13.827024110659192,5.0
21.890795618073582,13.78701822287294,5.0
21.930865414197562,13.747001681226184,5.0
21.9709224015715,13.706981855356165,5.0
22.010958131854267,13.666968366328415,5.0
22.050970096274686,13.626964909298964,5.0
22.09095483234359,13.586976136067454,5.0
22.13091313794816,13.547002438214342,5.0
22.170851270079773,13.507038740138679,5.0
22.21078006613504,13.467075372382281,5.0
22.25071866624116,13.427094342266784,5.0
22.29066432021916,13.387099565973779,5.0
22.330601160195286,13.347108105520922,5.0
22.370529497477126,13.307120831614235,5.0
22.410459457800084,13.267128787161488,5.0
22.45040298167485,13.227121198649614,5.0
22.4903658293473,13.187093488244038,5.0
22.530339021383917,13.147055850477035,5.0
22.570340907163146,13.106991116267322,5.0
22.61037988064533,13.066892102109781,5.0
22.650424124410062,13.026791905078559,5.0
22.690466742713646,12.98669866264464,5.0
22.730505605880715,12.946615742133954,5.0
22.770542015030777,12.906543080388184,5.0
22.81058105208386,12.86647683789643,5.0
22.850624316632935,12.826416670033264,5.0
22.890644473161974,12.786391171551852,5.0
22.93062623921613,12.746416850673473,5.0
22.97061982555779,12.70644475234011,5.0
23.010686601223885,12.666414874897551,5.0
23.05084939454695,12.62630583255811,5.0
23.091013724666006,12.586213364887342,5.0
23.1311144623644,12.54620373398995,5.0
23.17115859708648,12.506271153905425,5.0
23.211130510409642,12.46643236861035,5.0
23.25109379050615,12.426625215849533,5.0
23.291133517942292,12.386766338571245,5.0
23.331265904334295,12.346841135567802,5.0
23.371475341917954,12.30686670153276,5.0
23.411705134462586,12.266900894959035,5.0
23.451950838181837,12.226949551666808,5.0
23.492229482943213,12.186997218616277,5.0
23.532462253194684,12.147123436766744,5.0
23.5726582798,12.107320405807625,5.0
23.61286504953539,12.067542447892443,5.0
23.653080949374967,12.027792590666648,5.0
23.69329876252875,11.988079390945115,5.0
23.73357017528276,11.948353330462847,5.0
23.773954433018247,11.908557728613493,5.0
23.814432302475346,11.868713417867964,5.0
23.854966497926732,11.828858891003502,5.0
23.895461884245357,11.789089201225002,5.0
23.935936901756843,11.749387577571273,5.0
23.976397710152245,11.709749374278315,5.0
24.016797337951857,11.670221901663082,5.0
24.057176451382027,11.63076664334572,5.0
24.097483100048112,11.591435596787406,5.0
24.13774625256813,11.552201659434367,5.0
24.17804064599245,11.512993446992589,5.0
24.218365734084333,11.473813148465563,5.0
24.25871418983425,11.434669530927192,5.0
24.29898014866274,11.395666616741428,5.0
24.339112126907416,11.356855104857184,5.0
24.379346319264656,11.318007956147326,5.0
24.41973889185227,11.279073267397822,5.0
24.460174377106718,11.240164514133511,5.0
24.50067769204961,11.201259621900958,5.0
24.54126504544897,11.16234508682553,5.0
24.581948221995624,11.12341180202038,5.0
24.622733485568208,11.084456062743973,5.0
24.663610201295178,11.045490334156906,5.0
24.70455707569931,11.006537130877664,5.0
24.745568216767467,10.967604193547317,5.0
24.78653838332614,10.928793137028258,5.0
24.827423665609125,10.890146651000107,5.0
24.86829476476266,10.851599091926664,5.0
24.909194923105012,10.813111330955731,5.0
24.9502306786434,10.774585420177635,5.0
24.991350018345074,10.736072765384511,5.0
25.032488345124822,10.697635946143057,5.0
25.073734213696685,10.659194423661978,5.0
25.115124160418578,10.62071695613363,5.0
25.15674926006906,10.58212234891252,5.0
25.19860643682339,10.543417433985582,5.0
25.24047973414099,10.5048048512922,5.0
25.282323601380106,10.466328225419039,5.0
25.32421792178986,10.427915891963925,5.0
25.366158920969692,10.389573504571473,5.0
25.408138236669448,10.351310840121966,5.0
25.450142535240122,10.31314206613662,5.0
25.492064267615433,10.275166243900783,5.0
25.533920595987336,10.237368624435394,5.0
25.575858461953292,10.199618224399362,5.0
25.61793662580781,10.161865054710722,5.0
25.66018005731213,10.124090142770692,5.0
25.70249115099552,10.08638380088318,5.0
25.744781067595117,10.04882710397769,5.0
25.7870554561403,10.01141640972619,5.0
25.82931050094608,9.974156459975083,5.0
25.87164792666835,9.936959524920919,5.0
25.914135714696585,9.899768942839167,5.0
25.95667854378913,9.862671059081006,5.0
25.999297842592192,9.825649615114095,5.0
26.041975472728783,9.7887228184232,5.0
26.084765268085025,9.751846787701904,5.0
26.12772198949742,9.714977797603133,5.0
26.170719412206854,9.678227171313244,5.0
26.21373097322074,9.641619508600261,5.0
26.256763329859897,9.605150879220348,5.0
26.29981822010879,9.568821589808268,5.0
26.342887843378342,9.53263993940259,5.0
26.386098252692587,9.496502619311784,5.0
26.429516000344485,9.460358024627912,5.0
26.473058350342242,9.42427899686233,5.0
26.516656384015725,9.388325443878248,5.0
26.560220737513397,9.352572604770256,5.0
26.603788296784376,9.316991306723137,5.0
26.64743889831722,9.28151835673062,5.0
26.69121963892718,9.246118508187367,5.0
26.735139181561642,9.210788246751168,5.0
26.779101786506967,9.175607362115622,5.0
26.823090233948662,9.140591448743535,5.0
26.867240717650407,9.105634896639394,5.0
26.911530105481845,9.07075979516038,5.0
26.95592008985952,9.035999560269648,5.0
27.000429325346303,9.001342662232384,5.0
27.045047015895005,8.966800651982838,5.0
27.08983603929968,8.93232846162739,5.0
27.134884817358856,8.897863036796661,5.0
27.180133718421168,8.863455304656336,5.0
27.22541489469957,8.82923610249567,5.0
27.270727452194983,8.795207701650021,5.0
27.316154465171046,8.76131006329827,5.0
27.36174673726014,8.72750889196969,5.0
27.40756567052107,8.693763370340994,5.0
27.453571577740547,8.660107666514268,5.0
27.499693676482142,8.626597418195217,5.0
27.545950054602585,8.593222806222327,5.0
27.59236885113467,8.559967308345152,5.0
27.638922435090173,8.526854500705971,5.0
27.685504766995564,8.493962199742414,5.0
27.732100607255568,8.461302272412748,5.0
27.778748853250498,8.428848771582812,5.0
27.82545355563731,8.396600612588868,5.0
27.872283685889204,8.364512643059431,5.0
27.919313673462597,8.332537831351933,5.0
27.966543631534837,8.300680862091426,5.0
28.01392845833992,8.268976437088025,5.0
28.06146911910918,8.23742770448901,5.0
28.109128008684078,8.206062999454364,5.0
28.156852851784734,8.174919092692827,5.0
28.20470778917793,8.14395659863624,5.0
28.252744004997425,8.113146135833171,5.0
28.30093892134216,8.082506230470212,5.0
28.34925162657221,8.052066204447605,5.0
28.397687655540135,8.02182545810663,5.0
28.446298941694774,7.991755090636837,5.0
28.495088154932414,7.961857588598975,5.0
28.544037064475347,7.9321480683000685,5.0
28.59312533639734,7.902642348551333,5.0
28.64233711926953,7.873352987314557,5.0
28.691668597970015,7.844285028125792,5.0
28.741122321154922,7.815439701325396,5.0
28.790684400545512,7.786827678693138,5.0
28.84034117520608,7.758459060867506,5.0
28.89007187633849,7.730347485415314,5.0
28.9398264208239,7.7025221544956315,5.0
28.989645197451377,7.674961224479131,5.0
29.039506976963807,7.647677387793069,5.0
29.08939297612341,7.620681360214228,5.0
29.13935221163462,7.5939473907509365,5.0
29.189332106111372,7.567504321847541,5.0
29.239323926324438,7.541356715501897,5.0
29.289348413542054,7.515493786407794,5.0
29.33941576654976,7.489910675370638,5.0
29.38939719624751,7.464672157491286,5.0
29.439120294687015,7.439860648070036,5.0
29.48871715535731,7.415405140513288,5.0
29.538163226008805,7.391313958637915,5.0
29.58723037206387,7.367691571403677,5.0
29.635936377690815,7.344520415005654,5.0
29.684390160597218,7.321741250752058,5.0
29.732657122410277,7.299317955549821,5.0
29.780731183811334,7.2772486905727725,5.0
29.8289610145137,7.255372509826646,5.0
29.87737524429634,7.233679682692179,5.0
29.925632010258436,7.212323184043951,5.0
29.973813305064866,7.191263657975001,5.0
30.021923469055398,7.170497096330636,5.0
30.070198852561365,7.149921982477392,5.0
30.118694077243543,7.129518704080863,5.0
30.167247190082456,7.109357889640926,5.0
30.216021976055014,7.089374030433255,5.0
30.26514297370108,7.0695217927213525,5.0
30.314603663707334,7.049810857834618,5.0
30.364419290377516,7.030242349393279,5.0
30.414584691087786,7.010825665135808,5.0
30.464944236744863,6.991626598170809,5.0
30.515456643937377,6.972664165911886,5.0
30.56605012665185,6.953967273116605,5.0
30.617025529100776,6.935429381030658,5.0
30.668471071492352,6.917027685361681,5.0
30.71999278645717,6.898908795066335,5.0
30.77170810937395,6.8810337838114535,5.0
30.82368950122028,6.863382277805438,5.0
30.87542533882168,6.846127372003898,5.0
30.926848118878844,6.829283992186093,5.0
30.978280863253964,6.812741880877818,5.0
31.02994733840667,6.796431127053256,5.0
31.082117596525354,6.780274437035544,5.0
31.1346133930108,6.764336158352234,5.0
31.187158473396536,6.748703844273789,5.0
31.239866363035453,6.7333454211755095,5.0
31.292876593170476,6.718225045209011,5.0
31.346094846883336,6.703375020251358,5.0
31.39945133042413,6.688818216084317,5.0
31.452968848688588,6.674551237373813,5.0
31.506654380590746,6.660575438956855,5.0
31.56068090998014,6.646851286969069,5.0
31.615117052203917,6.633369962791188,5.0
31.66989755622237,6.620156375642376,5.0
31.724752555398172,6.607280117773747,5.0
31.77956245498368,6.594768747489377,5.0
31.83456517954807,6.582568991440618,5.0
31.8896525714653,6.5707075835335,5.0
31.944820164149636,6.559186796686598,5.0
32.000257551161475,6.547970782458462,5.0
32.05592205567904,6.537073882446437,5.0
32.11177576784103,6.52650822231718,5.0
32.16776603008944,6.516287318847375,5.0
32.22374462214055,6.506439165573034,5.0
32.27967404916484,6.4969688753399435,5.0
32.33564488570852,6.487860370033093,5.0
32.3916717927492,6.479111949023435,5.0
32.44771289581445,6.470730516228484,5.0
32.503754271610454,6.462717823907867,5.0
32.55980735860466,6.455071914844605,5.0
32.61588444488992,6.447791144244799,5.0
32.67200411271542,6.4408735775569355,5.0
32.728161928287676,6.434320466855251,5.0
32.78433669231146,6.428134696846086,5.0
32.840524781267604,6.422316793877682,5.0
32.89673347707912,6.416866222728564,5.0
32.95296812886232,6.411782893157344,5.0
33.0092212674633,6.407067925102396,5.0
33.065490024905905,6.402721912270371,5.0
33.121775918912675,6.398745117684614,5.0
33.178079983773245,6.395137927306861,5.0
33.23440149588961,6.39190089624679,5.0
33.29073698650928,6.3890347233985665,5.0
33.34708263020806,6.386540053037301,5.0
33.403442611468655,6.384417200978783,5.0
33.45981759188601,6.382666754505974,5.0
33.51619708030377,6.381289569172645,5.0
33.57257378184099,6.380286165162025,5.0
33.628949922622894,6.379656825361853,5.0
33.6853249124201,6.379401948836242,5.0
33.7417136542806,6.379522099588284,5.0
33.798111319623025,6.380018082598444,5.0
33.85451089824799,6.380890544243977,5.0
33.91091094755197,6.382140108056338,5.0
33.96730392486989,6.383767183567545,5.0
34.02368536600487,6.385772108921112,5.0
34.08005479740939,6.388155319078935,5.0
34.13641141199946,6.390917266150917,5.0
34.19276143011958,6.394058866229902,5.0
34.249103605761306,6.397580781275458,5.0
34.305425637537404,6.40148284413607,5.0
34.3617211473369,6.405765014983191,5.0
34.41799056354681,6.410427700658336,5.0
34.474225938002554,6.4154705675598915,5.0
34.530414340985644,6.420892549487742,5.0
34.586548856883645,6.4266928532388015,5.0
34.64261460436849,6.432869568323575,5.0
34.69861716489559,6.439422859736138,5.0
34.75455010836,6.4463515633151305,5.0
34.81042166702278,6.453656361829844,5.0
34.86623942156947,6.461338176872047,5.0
34.92199049635631,6.469395144808862,5.0
34.97767876277016,6.477827660013811,5.0
35.033294762464536,6.486634097981046,5.0
35.08882198078223,6.4958113413830185,5.0
35.14430497378423,6.50536669042766,5.0
35.19973794462545,6.5152996734402855,5.0
35.255105811802544,6.525607877337882,5.0
35.31038472385129,6.536286657883662,5.0
35.36552644433728,6.547325530674643,5.0
35.42054020117217,6.558724674349453,5.0
35.47547334385731,6.570493069281973,5.0
35.5302839472281,6.582621023957574,5.0
35.584934389052606,6.595098427367359,5.0
35.63949228263901,6.607939394540642,5.0
35.69393492220546,6.621137934881932,5.0
35.74825458969346,6.634691144568275,5.0
35.80245906126941,6.64859997382938,5.0
35.856525117876956,6.662857296731072,5.0
35.91050375944441,6.677475831065856,5.0
35.96439295357828,6.692455037329815,5.0
36.01815926815104,6.7077851726955595,5.0
36.0718674345607,6.723484739809268,5.0
36.125567652167064,6.7395701686864395,5.0
36.179240560671495,6.756037932835659,5.0
36.23283426223261,6.772873414370566,5.0
36.286323358890066,6.790068867924503,5.0
36.33973710015534,6.807634039540763,5.0
36.39310203564697,6.825578884873759,5.0
36.44638620590562,6.8438938648177405,5.0
36.49957812835739,6.862575654334163,5.0
36.55267544350775,6.881623896349599,5.0
36.605665773199924,6.9010344554631065,5.0
36.65855174402343,6.9208085062461855,5.0
36.71131451491034,6.940939022632568,5.0
36.76393743663799,6.961419179158263,5.0
36.81643112868868,6.982252590254028,5.0
36.8688017166966,7.003441473623216,5.0
36.92106158507734,7.024990964092978,5.0
36.973212968644766,7.046902389345788,5.0
37.025260926990825,7.069178454016978,5.0
37.07721015225206,7.09182196003486,5.0
37.12903928953056,7.1148241918336375,5.0
37.18074238935903,7.138182727616244,5.0
37.2323372843132,7.161906091087511,5.0
37.28382416032709,7.185995186678864,5.0
37.335177034509876,7.2104383233240235,5.0
37.38639465598492,7.2352349884488305,5.0
37.437484483988065,7.260389035222166,5.0
37.488497238916146,7.2859267011126585,5.0
37.53943174546663,7.311849565035399,5.0
37.590201701788345,7.338114492253684,5.0
37.640776794808055,7.364704690345026,5.0
37.69120869898713,7.391646623922114,5.0
37.7415346746075,7.418961060063199,5.0
37.79177306383544,7.446659845408247,5.0
37.84188200750438,7.474721475550201,5.0
37.891821502919846,7.503123779628286,5.0
37.941607084989435,7.531875459892542,5.0
37.99125997598,7.5609893490271265,5.0
38.04077298410478,7.590462127700299,5.0
38.090056800107796,7.620239873503497,5.0
38.13906790939208,7.6502931898370825,5.0
38.18789456133157,7.680673916778063,5.0
38.23657394789959,7.711405228729281,5.0
38.2850990298401,7.742483328827084,5.0
38.33349438233882,7.773925004590963,5.0
38.38175996289345,7.805731818107698,5.0
38.42987573406776,7.8378918734526,5.0
38.47781677881244,7.870389064075072,5.0
38.52562319098499,7.903251486893268,5.0
38.573149933145544,7.936378415449639,5.0
38.6202818161952,7.969683551618092,5.0
38.66711104727724,8.003225591157147,5.0
38.71368039438228,8.037031296083937,5.0
38.759991668732596,8.071098978272456,5.0
38.80598364922916,8.105379449979605,5.0
38.85170315315908,8.13990317485857,5.0
38.89729240090612,8.174776832903685,5.0
38.94276381079064,8.210012331231644,5.0
38.98801311040955,8.245529546982503,5.0
39.0329433247664,8.281249047240243,5.0
39.07763624800814,8.317232249549678,5.0
39.122229713386496,8.353591012408726,5.0
39.16676927834688,8.390367253239715,5.0
39.21116922371478,8.427494316168946,5.0
39.255339096238934,8.464897121583794,5.0
39.29933314331109,8.502621481268486,5.0
39.34314641641541,8.540664161941642,5.0
39.386659704253745,8.578920042245645,5.0
39.43001411125077,8.617512101338887,5.0
39.473108939882714,8.65635055796927,5.0
39.5157767333181,8.695278422822154,5.0
39.55819984009515,8.734456301445421,5.0
39.60045334923671,8.77395353863023,5.0
39.64237920652776,8.813620558106637,5.0
39.68390375040366,8.85338056705576,5.0
39.72523881412882,8.893432425033534,5.0
39.76643734427795,8.933829579152226,5.0
39.80726323674819,8.974338475922247,5.0
39.8475765449929,9.014809400230774,5.0
39.887573386904286,9.05542961901921,5.0
39.92730828391933,9.096250683955736,5.0
39.966757971148574,9.137245595982105,5.0
40.00615263126056,9.178655435475902,5.0
40.04546858037805,9.220462340977596,5.0
40.08446155514338,9.26240725894707,5.0
40.123094361676564,9.30444394977136,5.0
40.16142593074788,9.346630793747131,5.0
40.199348966076926,9.38884267989275,5.0
40.23693319607105,9.431149186638374,5.0
40.27437376205522,9.473768571114999,5.0
40.311646122781596,9.516675904411482,5.0
40.34875995584345,9.559885124431744,5.0
40.38574529038182,9.603435217473066,5.0
40.42244269052664,9.647139180186066,5.0
40.45882284944447,9.690957816401207,5.0
40.49513465720153,9.735192632629138,5.0
40.53127574648217,9.779724856057767,5.0
40.56715837772477,9.82444719772078,5.0
40.60288479266008,9.869488457874045,5.0
40.63843804717952,9.91483126302926,5.0
40.67374470920193,9.96038348361898,5.0
40.708771487474365,10.006100611292796,5.0
40.7435941598573,10.052081338341543,5.0
40.77809867718298,10.098173729519196,5.0
40.81216187596497,10.144204550571594,5.0
40.84597885521421,10.190430867670479,5.0
40.87959916813911,10.236921476714295,5.0
40.91280294193645,10.283367993760985,5.0
40.94572764066505,10.329955671440102,5.0
40.9786194117309,10.37703826548876,5.0
41.01139017758657,10.424500771335067,5.0
41.043964751509414,10.472240339942996,5.0
41.07639972415926,10.520345679383093,5.0
41.1086305066661,10.56872681075054,5.0
41.14056578077621,10.617247100826647,5.0
41.172236010622385,10.665951144019015,5.0
41.203604962509274,10.714781325079812,5.0
41.23476883348235,10.763887832170559,5.0
41.265771514793656,10.813345860425683,5.0
41.29645114325967,10.862898851543454,5.0
41.326833307154274,10.912584462682418,5.0
41.35694216283894,10.962440517311661,5.0
41.386593282503505,11.012153242391108,5.0
41.415878466131296,11.06186408415443,5.0
41.444999392471495,11.11191507813024,5.0
41.473877281050484,11.162175887828619,5.0
41.50245415441214,11.212544937083841,5.0
41.53071010448853,11.262983017932994,5.0
41.55865227536422,11.31349809492685,5.0
41.58639713784964,11.364301612698256,5.0
41.61391703584226,11.41534815941219,5.0
41.64111580582538,11.466458901824643,5.0
41.66807347762316,11.517783083770173,5.0
41.69473366798421,11.569213415562343,5.0
41.721001829277924,11.620559863392824,5.0
41.74701485198909,11.67208437653908,5.0
41.77282369292372,11.723892086083598,5.0
41.798390456112294,11.775912146062712,5.0
41.82373453598812,11.828188626234951,5.0
41.848776110811094,11.880558343220006,5.0
41.87351642024816,11.93302093840198,5.0
41.898013047856246,11.985699059575216,5.0
41.922193210659586,12.038435883664095,5.0
41.946099934113306,12.09132319500345,5.0
41.969735438795134,12.144366730798517,5.0
41.992966223701934,12.197259178652518,5.0
42.01590719838624,12.250252982349405,5.0
42.038596978491555,12.303438201860644,5.0
42.0609362350723,12.35657871130596,5.0
42.082965223384605,12.409762710045118,5.0
42.1046778076016,12.462969952911541,5.0
42.1260876559677,12.516228845322976,5.0
42.14730194767265,12.569810004285895,5.0
42.16827988203985,12.623619938069368,5.0
42.188962464207805,12.677509541948702,5.0
42.20943951308716,12.731718015060196,5.0
42.22964951119346,12.78609053513698,5.0
42.24955596817274,12.840528947035581,5.0
42.26919972008273,12.895145516447549,5.0
42.288520442764174,12.949771363004125,5.0
42.307514591454634,13.004389167781074,5.0
42.326208659557786,13.059069716740336,5.0
42.344506300058804,13.113518274689216,5.0
42.36238069154085,13.167628514683889,5.0
42.37992980806582,13.221676542585232,5.0
42.39720627981155,13.27581900759305,5.0
42.4141973180638,13.330014503600117,5.0
42.430861776398,13.384124199366218,5.0
42.44724814116409,13.43829841657816,5.0
42.46337914090014,13.492613459921511,5.0
42.47923864021673,13.547017191562217,5.0
42.49490188651107,13.601778204604338,5.0
42.510387370928605,13.656985710389579,5.0
42.525644597270556,13.712482253148787,5.0
42.54065801843886,13.768226419150002,5.0
42.55544424901733,13.824297048623949,5.0
42.56994382392023,13.880480560397205,5.0
42.58407885087775,13.936464574429293,5.0
42.59790452529834,13.992452362826096,5.0
42.61144404176607,14.048535695684217,5.0
42.62466412141279,14.10457241052192,5.0
42.637568444962646,14.16056753052336,5.0
42.650132937457116,14.216400613416182,5.0
42.662397125316176,14.272233252972773,5.0
42.674389239254474,14.328194039512793,5.0
42.68603585613064,14.383929398792318,5.0
42.69735323991623,14.439490919915512,5.0
42.7084050663971,14.495183119457014,5.0
42.71918769908512,14.550995108937892,5.0
42.72964474734889,14.606625920437233,5.0
42.73980682993839,14.662220740607355,5.0
42.74975555092199,14.71824261236894,5.0
42.7594653233463,14.774585811372761,5.0
42.76889643544812,14.8310405656687,5.0
42.77803620865568,14.887534725794291,5.0
42.78689507315416,14.944136589746648,5.0
42.79545989769252,15.000765618558646,5.0
42.8037141628036,15.057302412758197,5.0
42.8116851071446,15.11392768685481,5.0
42.819370132847645,15.170629749733031,5.0
42.82676762974008,15.227402635182797,5.0
42.83386905334834,15.284181502056157,5.0
42.84065218929963,15.340767861041385,5.0
42.84712453466648,15.397188082367117,5.0
42.85328897258123,15.453431586512927,5.0
42.859143872066504,15.50944043957925,5.0
42.86471768735,15.565460538774392,5.0
42.87000880510492,15.621471309285967,5.0
42.87501320524758,15.677417941451456,5.0
42.87974865538329,15.733503077662263,5.0
42.884212995483935,15.789730289888741,5.0
42.88840556532042,15.846126639277315,5.0
42.89232982981983,15.902794820945923,5.0
42.8959744043749,15.95963130853944,5.0
42.89933088860237,16.01653959144433,5.0
42.9024021955342,16.073605291005315,5.0
42.90518209338575,16.130755433066966,5.0
42.90766442985613,16.187870669344246,5.0
42.90984877138048,16.244912014683322,5.0
42.91173850704207,16.301942351332393,5.0
42.913333845140826,16.358957617399632,5.0
42.914633731818355,16.415878150800484,5.0
42.915641001714306,16.47277333065492,5.0
42.91635631888152,16.529664105080244,5.0
42.91677960984322,16.586496891442664,5.0
42.91691196939875,16.643281276032553,5.0
42.916753920702305,16.70006468803073,5.0
42.916304867883824,16.75688532553798,5.0
42.915563454864426,16.81376790111971,5.0
42.9145282305575,16.870712774142067,5.0
42.91319772301427,16.927719699245024,5.0
42.911571358326896,16.98476110823746,5.0
42.90965192046738,17.04174071106804,5.0
42.907441041287974,17.09864442519824,5.0
42.90493979100832,17.15547651574729,5.0
42.902152649641444,17.21217601926829,5.0
42.89908062924656,17.268766282552996,5.0
42.895722135960526,17.325301398783168,5.0
42.892079071348135,17.381765109287432,5.0
42.888157640454196,17.438088884609733,5.0
42.88395842133276,17.494296325412808,5.0
42.87948040763039,17.55042239636399,5.0
42.874727344643986,17.60643917152856,5.0
42.869700802024404,17.662348904837458,5.0
42.86440234430086,17.718153172307172,5.0
42.85882495343184,17.773934752486355,5.0
42.85296073503078,17.829765313294004,5.0
42.84681417434605,17.88559316045855,5.0
42.840399908169665,17.941292938393634,5.0
42.833732409647496,17.99676578498097,5.0
42.826812662403064,18.05203532613453,5.0
42.819641409417784,18.107122418215692,5.0
42.812216176759165,18.1620670407691,5.0
42.80451731040724,18.21702069983784,5.0
42.79655497862898,18.271911034336785,5.0
42.78835564022772,18.32657209837053,5.0
42.7799081789847,18.38109853368427,5.0
42.77119887763287,18.43558657845871,5.0
42.76224763883902,18.489920362971993,5.0
42.75305095372419,18.544134393241276,5.0
42.743558233066985,18.598520829389077,5.0
42.73381076263168,18.65283457380444,5.0
42.723858557034156,18.706816215987352,5.0
42.71367643071214,18.760626286467133,5.0
42.703232353461246,18.81444004484606,5.0
42.69244466949903,18.868655246032155,5.0
42.68130367289229,18.923277877182866,5.0
42.66984632721295,18.97809450170084,5.0
42.658052183497475,19.033177909267824,5.0
42.64594595675408,19.088391036835485,5.0
42.63353696760102,19.14367909600259,5.0
42.620891112827096,19.19875236396304,5.0
42.60809436995699,19.25326853163604,5.0
42.59508407225252,19.30752755099055,5.0
42.58188992697409,19.361429150558823,5.0
42.568612644583986,19.41460380806928,5.0
42.55520693564764,19.46727886636523,5.0
42.541622318411505,19.519680096946665,5.0
42.52795853757218,19.571453976570197,5.0
42.514223926682774,19.622611144403642,5.0
42.50041904114928,19.67318861957149,5.0
42.486661107296946,19.722805550264713,5.0
42.472808210804736,19.772015164938615,5.0
42.45876481282077,19.82116991285452,5.0
42.44456156849068,19.870168002401176,5.0
42.43007945486311,19.919416674582568,5.0
42.415296969266194,19.968972454825007,5.0
42.40029111263818,20.018566767493002,5.0
42.385109411201114,20.068044195041242,5.0
42.36975524751276,20.117399836165553,5.0
42.354193813993305,20.16674863729087,5.0
42.33839217382123,20.21619226453833,5.0
42.322298468270155,20.265883450221374,5.0
42.30584690442613,20.316006842492577,5.0
42.28908585890891,20.36639608247262,5.0
42.27207216243014,20.416870637880976,5.0
42.2546466921589,20.467885617883073,5.0
42.23682903044372,20.519356842896286,5.0
42.21879856664938,20.5707555829276,5.0
42.200485550479826,20.622278997230982,5.0
42.18184682500065,20.674038790912263,5.0
42.16292181307726,20.725916047375268,5.0
42.143655812532984,20.778050791927004,5.0
42.1240673192836,20.830381113799298,5.0
42.104184413914844,20.882823936283618,5.0
42.08402657087874,20.93532345565428,5.0
42.06365632646652,20.987717920157905,5.0
42.04309394963559,21.039961481055794,5.0
42.022265443847125,21.092244843599843,5.0
42.001120721616175,21.144688934797742,5.0
41.97972849034767,21.19711989184702,5.0
41.95805507801335,21.24961904004193,5.0
41.936078168399945,21.30223620858599,5.0
41.91386632505556,21.3548057834013,5.0
41.89144104787659,21.407280356017672,5.0
41.868761254598574,21.45975837312833,5.0
41.845843787402536,21.512201847168026,5.0
41.822764123204806,21.564443585901703,5.0
41.799491340900865,21.61656099991965,5.0
41.776015525150655,21.66858141231281,5.0
41.75236691852856,21.72044360196266,5.0
41.728543093137354,21.772159648228882,5.0
41.704536720008555,21.823751461183804,5.0
41.68034520538412,21.875229911768244,5.0
41.65597366445368,21.92658927235756,5.0
41.63141730803093,21.977844576365108,5.0
41.606671915872276,22.029009004907948,5.0
41.58173319132776,22.08009530605747,5.0
41.556599307885755,22.131110702829965,5.0
41.531274368064146,22.182050299688697,5.0
41.50576168145484,22.23291100720775,5.0
41.480075663516956,22.283668138010107,5.0
41.45422505025011,22.334309111872628,5.0
41.42819757562288,22.384862337167316,5.0
41.40200753924919,22.435304311438955,5.0
41.37567236829406,22.48560658561783,5.0
41.349160340705794,22.535834223128838,5.0
41.32247208184957,22.585989393232772,5.0
41.29564640991267,22.63600355274557,5.0
41.26864592978503,22.685950713048477,5.0
41.241460422799726,22.735852555516946,5.0
41.21414976336929,22.785603244863605,5.0
41.186712760481036,22.835210477306696,5.0
41.159113158165674,22.884744124220877,5.0
41.13135118747181,22.934206996145793,5.0
41.103456842195484,22.983549545494338,5.0
41.075446525153126,23.032747674070382,5.0
41.04728746411503,23.08186328543804,5.0
41.01899223242455,23.130878154201447,5.0
40.99063652902747,23.179666789122923,5.0
40.96214808778787,23.228359044941453,5.0
40.93348339003014,23.277032030589066,5.0
40.9047199538085,23.32555750882151,5.0
40.87581930766116,23.374004511081626,5.0
40.846729743999965,23.42246181574274,5.0
40.81750151600688,23.470847728044536,5.0
40.78812828167963,23.519175611330077,5.0
40.75856349474788,23.56752378375498,5.0
40.728884014066885,23.615768846452184,5.0
40.699068736913986,23.663948412523272,5.0
40.66903410829205,23.71219874727825,5.0
40.638883009407756,23.76035615720405,5.0
40.608647151186865,23.80837400164125,5.0
40.57828465964207,23.85632248607523,5.0
40.547857067658796,23.904108369745916,5.0
40.517437668489684,23.951622651670643,5.0
40.486920596608805,23.99903603711248,5.0
40.45617846334493,24.046547810846246,5.0
40.42533866920208,24.093962417675186,5.0
40.39448623383041,24.141153815586197,5.0
40.36348154627119,24.188339236772233,5.0
40.33236482341503,24.23545954733194,5.0
40.3012314173822,24.28237439175158,5.0
40.26996177375377,24.329267494588112,5.0
40.238559594549706,24.376135117354053,5.0
40.20710818875615,24.422855918730324,5.0
40.17550194959434,24.469589393639126,5.0
40.14374271789746,24.516333970325807,5.0
40.11200154098714,24.562841327498436,5.0
40.08013499385782,24.609325315965933,5.0
40.0480668545662,24.655897913419217,5.0
40.01599042328665,24.70228065334494,5.0
39.98395985778352,24.748400485204748,5.0
39.95186083042483,24.79442638948233,5.0
39.919602431446265,24.84049053211173,5.0
39.88726109484272,24.886485377938282,5.0
39.85476999533917,24.9325076605018,5.0
39.8220927953588,24.97860935872805,5.0
39.78935380385157,25.024616587608204,5.0
39.75650972193403,25.07059255072168,5.0
39.72346135631005,25.11667688065676,5.0
39.6903024181047,25.16273962373932,5.0
39.657072893811524,25.208727352868085,5.0
39.62369901203903,25.25474389747574,5.0
39.59018742192567,25.300781119001925,5.0
39.55656062151819,25.346809425112426,5.0
39.52284254725784,25.39279780798111,5.0
39.48910754236013,25.43864754125763,5.0
39.455381150250766,25.48432745544614,5.0
39.42156818399255,25.529969284324995,5.0
39.38773374222286,25.57548762500935,5.0
39.353896538185325,25.62086045755981,5.0
39.320006897532615,25.666157197127944,5.0
39.28605751991628,25.711389856524697,5.0
39.25201283560814,25.75660767999216,5.0
39.21801775035243,25.801620917849085,5.0
39.18405764723313,25.846452612686296,5.0
39.149975112888455,25.891312810028417,5.0
39.11585347540365,25.936093455424654,5.0
39.081708467914076,25.98077624845175,5.0
39.047446713603186,26.025485108251864,5.0
39.01315174024578,26.07011266326183,5.0
38.978807967777,26.114681275740192,5.0
38.94432261897216,26.159312634254878,5.0
38.90975221738078,26.203934613736102,5.0
38.875151434994734,26.248478427534703,5.0
38.84053046981183,26.29293313260867,5.0
38.80590740648339,26.33727783316936,5.0
38.7712097790281,26.381607271961187,5.0
38.73644457425529,26.42591400780025,5.0
38.701577540289385,26.47024299407188,5.0
38.66654438105939,26.514676668067303,5.0
38.63148614707873,26.55903729355409,5.0
38.59642103298058,26.603303941491692,5.0
38.561255459378145,26.647596369717274,5.0
38.52602976093808,26.691865076414782,5.0
38.490767493182176,26.736082106779733,5.0
38.455430058403465,26.780297406444745,5.0
38.420046594806934,26.824475996454446,5.0
38.384622591317154,26.8686126712952,5.0
38.349123166046375,26.91275237049525,5.0
38.31356508640764,26.95687562076317,5.0
38.27796535702498,27.00096285577328,5.0
38.24231307759666,27.045029125194098,5.0
38.20662759607262,27.08905209180794,5.0
38.17091647830011,27.133024109524094,5.0
38.13517947032997,27.176947193004324,5.0
38.09939136718182,27.2208538914721,5.0
38.063529770578334,27.264773036117468,5.0
38.02763300706502,27.3086591057838,5.0
37.99170104002516,27.352513716660564,5.0
37.95573292687848,27.39633957546693,5.0
37.919743476601006,27.440120239729783,5.0
37.883729250930216,27.483861526450163,5.0
37.847694861533256,27.527559460746062,5.0
37.81164263085295,27.57121286638796,5.0
37.77556578178687,27.614831561796898,5.0
37.739465103243525,27.658416174620257,5.0
37.70334988193358,27.701957100440037,5.0
37.66720502730765,27.745474111996,5.0
37.63102005303837,27.788981325033212,5.0
37.59481182634487,27.832459968062885,5.0
37.55856935375532,27.875924766965962,5.0
37.522274341228346,27.919399098313207,5.0
37.485936628587574,27.9628725927769,5.0
37.44956615315295,28.006334839539292,5.0
37.4131367660522,28.049818524323808,5.0
37.37664598969751,28.09332797572269,5.0
37.34010264987889,28.136854070676804,5.0
37.30349212038493,28.180415629645708,5.0
37.26685071400582,28.22397091092212,5.0
37.2302071749231,28.26748737126434,5.0
37.193529857208375,28.311004212457448,5.0
37.15681543957518,28.35452692600724,5.0
37.120089974326085,28.398026235011198,5.0
37.083356113140646,28.441500667244576,5.0
37.04662269150264,28.484941458319476,5.0
37.00990713797239,28.528329736726175,5.0
36.973213638300386,28.571662328818412,5.0
36.93645369684083,28.615045381920133,5.0
36.899627801039415,28.658479846785955,5.0
36.86287437430413,28.701804201089214,5.0
36.82617625353825,28.745040573962452,5.0
36.789453845938255,28.78828450821174,5.0
36.752807984154416,28.831419058486034,5.0
36.7161801655161,28.8745149202517,5.0
36.67941922836818,28.917751595712758,5.0
36.64267952832153,28.960949221260616,5.0
36.605983020826585,29.004083817525895,5.0
36.56925652657989,29.047243210596676,5.0
36.532538636585414,29.090383854205985,5.0
36.49583577497595,29.133500042127004,5.0
36.459138244633365,29.176605019321606,5.0
36.42245115580902,29.21969465035507,5.0
36.385778354932796,29.262766301896768,5.0
36.34909191025414,29.30585468050357,5.0
36.31233493915895,29.349028530332294,5.0
36.27546225899059,29.392342924469848,5.0
36.23858005965679,29.435675167519197,5.0
36.20167943157015,29.479037782071227,5.0
36.16463760290935,29.52257720717763,5.0
36.127721006494774,29.5659824074558,5.0
36.09087049957344,29.60932491971661,5.0
36.053860101449274,29.652872789319407,5.0
36.01700990603572,29.696251591588503,5.0
35.98022780349497,29.739571734089537,5.0
35.9432990868319,29.78308844594633,5.0
35.90641764896123,29.826575689917327,5.0
35.869404642029814,29.870246836778744,5.0
35.83222837925771,29.91414218483438,5.0
35.7951320202635,29.957977276267002,5.0
35.75811313931208,30.001757223629756,5.0
35.721166509374086,30.045490478606673,5.0
35.68426293521843,30.089213957154676,5.0
35.64737555528625,30.13296199755028,5.0
35.61047429463258,30.176772964089324,5.0
35.573510116356545,30.220708042255076,5.0
35.53653850014683,30.26470432365551,5.0
35.49970125735728,30.308595584905085,5.0
35.4627917851965,30.352630756506134,5.0
35.42555543160878,30.39711799957275,5.0
35.38854674436061,30.44139829109187,5.0
35.35159773261179,30.485674831514654,5.0
35.31455417087484,30.530135856618557,5.0
35.27800312951383,30.57407853324904,5.0
35.24140567183299,30.61815233273269,5.0
35.20446031748814,30.662725436156585,5.0
35.16767865772882,30.70718503843652,5.0
35.131093976611524,30.75149290643597,5.0
35.09458376703939,30.79579981730185,5.0
35.05830363160324,30.83991918343362,5.0
35.022236926657385,30.883872757864243,5.0
34.98620126807501,30.9278853383069,5.0
34.950136159258825,30.972034715210945,5.0
34.91416933050871,31.016168157996724,5.0
34.87833821888247,31.060242462589386,5.0
34.842719624881994,31.10416521623099,5.0
34.80735542372483,31.14788607045459,5.0
34.77206679712025,31.191628224063034,5.0
34.7368950473162,31.235343522163248,5.0
34.70196537906904,31.27887828744877,5.0
34.667273100836645,31.322239442032746,5.0
34.632607075780754,31.365693460739664,5.0
34.59796115846887,31.40925227757951,5.0
34.563411587483884,31.452823860032634,5.0
34.52888899932275,31.496499550216583,5.0
34.494408174596735,31.540265067773795,5.0
34.459930532875774,31.584174143979233,5.0
34.425271207466295,31.628469129315548,5.0
34.390299791409866,31.67332687056778,5.0
34.35511147289655,31.718636424841133,5.0
34.31947180065445,31.7647130127859,5.0
34.283093568620735,31.811948033155865,5.0
34.24634120491126,31.85988921128558,5.0
34.209666185238675,31.90796000444321,5.0
34.1730231488855,31.956227669965237,5.0
34.13614545727116,32.00505580420666,5.0
34.09870470278914,32.0549009052708,5.0
34.06067314550457,32.10582884356844,5.0
34.02287501346968,32.156754291684344,5.0
33.98514595412229,32.20790707038163,5.0
33.94690258004587,32.26010018991316,5.0
33.908510139018894,32.312862951890516,5.0
33.870201066256165,32.36589399581573,5.0
33.831727554302525,32.41955595253289,5.0
33.79303261396254,32.473955947330616,5.0
33.754028846839674,32.52925012587263,5.0
33.71467404658325,32.585537794516945,5.0
33.675342135444026,32.64231838363413,5.0
33.63590798379798,32.69980276429378,5.0
33.59607971310183,32.758461692842275,5.0
33.55601447839446,32.81811774990826,5.0
33.516358496688376,32.87784071392478,5.0
33.47741564221712,32.9371737519687,5.0
33.43864154625576,32.99695567289606,5.0
33.39962592731851,33.05786562716088,5.0
33.36062802156668,33.11955629039046,5.0
33.322109684262195,33.18132886726348,5.0
33.28461471051855,33.24230009499498,5.0
33.24808741531747,33.30252595339962,5.0
33.212353523302994,33.36226770586927,5.0
33.177917278048874,33.42063898786853,5.0
33.14497334975105,33.477231884002755,5.0
33.11393322691215,33.53123295419722,5.0
33.084212640481084,33.58355971721602,5.0
33.055314513601985,33.63503344143921,5.0
33.02813110804565,33.68399414067106,5.0
33.00247695441209,33.73067826232393,5.0
32.97769739656929,33.77621270085622,5.0
32.952988661217894,33.82206236981572,5.0
32.92859776772814,33.867776860785206,5.0
32.90494555173905,33.91255049600118,5.0
32.88137937844446,33.95761000431543,5.0
32.85628308653094,34.006129910419965,5.0
32.82907381877491,34.05944563239473,5.0
32.80082372593744,34.11568961410825,5.0
32.77159866426851,34.17494276319862,5.0
32.7409655294402,34.238377589845676,5.0
32.70917465705936,34.305867537673706,5.0
32.676643292160605,34.37695294388344,5.0
32.64432356544074,34.44990507952707,5.0
32.611996241973024,34.52555024147346,5.0
32.57946260604956,34.60486388312831,5.0
32.547748377368016,34.685830536255864,4.964221976367534
32.51663854212892,34.76944256489894,4.9185154149874135
32.486123426958336,34.85641228574131,4.872380110817221
32.4564606731128,34.94690455957546,4.825803767364112
32.42782048296163,35.04157166043969,4.778773488869721
32.40058448014062,35.140715027699606,4.731275738608194
32.37512528193602,35.24512033422198,4.683296293377234
32.35228978330537,35.35399924858133,4.634820193748552
32.33265901554174,35.46802685499143,4.5858316895845395
32.31697085108122,35.588652125526544,4.536314180258707
32.30644253119393,35.717440875756246,4.486250148936709
32.30291376582909,35.85385936487553,4.4356210901803905
32.30822570347085,35.99527738119204,4.384407430026491
32.324079841208295,36.14110851913825,4.3325884375613075
32.35197903454479,36.28916614957982,4.280142126858448
32.392927264859445,36.436967657528676,4.227045147964094
32.44723988325949,36.58182377386191,4.173272665396453
32.515108163055906,36.722206017127256,4.123376662355378
32.59732955944374,36.85773719274222,4.0934663125599196
32.692710167944114,36.98513789773063,4.105737984990305
32.79911939756021,37.10185399724102,4.1331510222810675
32.91533058097554,37.20741108112052,4.160383437205496
33.03949776355671,37.30109017405914,4.187438753721015
33.169761025669,37.38263476388183,4.214320382666153
33.30324023713743,37.45170144171112,4.241031626779759
33.43734981957688,37.50875811816399,4.267575685437454
33.57144774498561,37.5552077176523,4.293955659124549
33.70354470208015,37.591879045327545,4.320174553663142
33.83243649311657,37.619945955471714,4.346235284209693
33.95843509567755,37.6407369562862,4.372140679038141
34.081404901705426,37.65522247155051,4.397893483122447
34.20003046849581,37.66418737404258,4.423496361531416
34.31296217085737,37.66851959684238,4.448951902647686
34.421305920449285,37.669114607185456,4.474262621221875
34.525943451882476,37.66658695334071,4.499430961272107
34.62661465580789,37.661441662567874,4.524459298838351
34.72200899896374,37.65426310836199,4.549349944600394
34.81125789315678,37.645663711888176,4.5741051463675815
34.894493238890895,37.636128806906946,4.598727091447935
34.971642793153855,37.62608842541935,4.623217908903707
35.044075775870574,37.61568730481831,4.647579671699964
35.11277987248514,37.60500400675771,4.671814398752324
35.178392579168666,37.594098097411155,4.695924056879575
35.241233953666686,37.58303962425283,4.719910562666533
35.300894856568775,37.57201347908759,4.743775784242115
35.35783093225052,37.561036519225546,4.767521542977303
35.41306362828673,37.549981096612676,4.791149615107367
35.46798144993344,37.538599396604276,4.814661733282438
35.52349875174935,37.52669847478054,4.838059588050259
35.57926808723721,37.51434101622035,4.861344829274696
35.635025568286224,37.50158218911726,4.884519067493401
35.69111426085377,37.488338769226424,4.907583875217762
35.748784941456066,37.474286616186845,4.930540788178126
35.80948750497137,37.458998926207144,4.953391306517077
35.87184549888924,37.44274147642593,4.976136895933405
35.93394086099654,37.42598767259711,4.998778988779213
35.99500922755948,37.40896485047128,5.0
36.05496712363482,37.39173160707317,5.0
36.114288254545876,37.37417930734658,5.0
36.1730802120957,37.35629313247339,5.0
36.231877949782174,37.33791627611802,5.0
36.291002400177014,37.318939810358664,5.0
36.35105840168015,37.29914463327233,5.0
36.41122740527831,37.27877836003615,5.0
36.47002601890662,37.258361006506306,5.0
36.52790420246445,37.237771630815665,5.0
36.58610764427638,37.21657290451718,5.0
36.64474435719111,37.194707879419255,5.0
36.70288091367985,37.17252085917023,5.0
36.76057930253869,37.14999939318251,5.0
36.81859823964654,37.12684400789159,5.0
36.87701891233588,37.10300374084396,5.0
36.9361407972217,37.07832994845963,5.0
36.99609794961899,37.05273064943362,5.0
37.05581266305251,37.02664679876413,5.0
37.115642730847924,36.999916387167175,5.0
37.17603184248168,36.97231876424596,5.0
37.237034476697175,36.943795038125884,5.0
37.298203153446956,36.914527241595096,5.0
37.35871132392224,36.884910597220745,5.0
37.4190762495601,36.85469818723609,5.0
37.47952240372194,36.82376721006636,5.0
37.53984109090262,36.79221310917251,5.0
37.5995125878379,36.76031267164801,5.0
37.657963978263524,36.72840195837,5.0
37.71559124395266,36.696298332435845,5.0
37.77273300379366,36.66383012301243,5.0
37.82897604375161,36.63125072951268,5.0
37.88433024835743,36.59858186635831,5.0
37.93918980504821,36.56560942857547,5.0
37.99349219173602,36.53238233605712,5.0
38.04720892385076,36.49893135616808,5.0
38.10048561461426,36.46517663364831,5.0
38.153247320760485,36.431174974440516,5.0
38.20550089220134,36.3969328021969,5.0
38.25723110902523,36.36247116042452,5.0
38.30830416332045,36.327893562138044,5.0
38.35864375787134,36.2932706450543,5.0
38.40825611236114,36.25861865676578,5.0
38.45716285147619,36.223942451935265,5.0
38.50522960459031,36.1893596517995,5.0
38.55243464714959,36.154911436590055,5.0
38.59885217650743,36.12056803180216,5.0
38.64463326738092,36.08623742077438,5.0
38.689905280305396,36.051838316249594,5.0
38.734457872897515,36.017546471515715,5.0
38.77827965573579,35.98339095746145,5.0
38.82160692076525,35.9492035297305,5.0
38.86448099553762,35.91496221119734,5.0
38.90694970220455,35.880637809142044,5.0
38.9491077852101,35.84616009282173,5.0
38.99070797287011,35.81174064125527,5.0
39.0316285734365,35.777496597364156,5.0
39.07218172692831,35.74317963516733,5.0
39.112422688117746,35.70874905423379,5.0
39.152188659196405,35.67435230446363,5.0
39.19145837109647,35.64001946004736,5.0
39.230362201945894,35.605646246303564,5.0
39.269079720566864,35.57107804165548,5.0
39.30760818344371,35.53631808774221,5.0
39.34586461621374,35.50144366966805,5.0
39.384008713984386,35.46631021372589,5.0
39.42221617949779,35.430750457662896,5.0
39.46034676142771,35.394888668267114,5.0
39.498107034560086,35.35900297226171,5.0
39.53564792449213,35.32295495013022,5.0
39.57316542457823,35.28655457605742,5.0
39.610668801136676,35.249786831215815,5.0
39.64844772853082,35.21235526036162,5.0
39.686496898668224,35.17424607082596,5.0
39.724338435123116,35.13592867882008,5.0
39.76190845780007,35.097470297152924,5.0
39.7997153844881,35.05834303372168,5.0
39.83795921146028,35.018315738408134,5.0
39.87658423633564,34.97741772824452,5.0
39.915246824076014,34.935992336015865,5.0
39.953563453687984,34.894447755781094,5.0
39.99184410326337,34.85244693469148,5.0
40.030435093642815,34.80959150397232,5.0
40.06908886798782,34.766134486905756,5.0
40.10747462219043,34.72244116624885,5.0
40.145512328302374,34.67860744450008,5.0
40.183096501274,34.634765115362605,5.0
40.220175233086565,34.590989660065645,5.0
40.25683515762748,34.54719300101351,5.0
40.293163605901306,34.50328035612659,5.0
40.32896644439864,34.45949920948469,5.0
40.36434680375066,34.415739065278345,5.0
40.399246586811046,34.37208639122424,5.0
40.43337960292812,34.32892355432629,5.0
40.466937079735494,34.286035797029406,5.0
40.50036048256104,34.24286897013275,5.0
40.533917862797715,34.19906778643619,5.0
40.56713975066296,34.15524141225772,5.0
40.59970435610459,34.111832832798065,5.0
40.631715156255375,34.068728711745024,5.0
40.66326380967468,34.02582500809496,5.0
40.69456825202643,33.98283660016418,5.0
40.72552455583168,33.93991464195619,5.0
40.75583566243316,33.89749025699096,5.0
40.785425146609505,33.85569930756163,5.0
40.814064281992884,33.81490086174906,5.0
40.84179116497694,33.77508017355239,5.0
40.86885021913018,33.73591799972292,5.0
40.89525393104605,33.69742157351661,5.0
40.92126886407635,33.65922116064989,5.0
40.94659752316453,33.62177284626151,5.0
40.970911381948426,33.58559332643605,5.0
40.99427784583538,33.55061650512352,5.0
41.01707613475945,33.51629940303535,5.0
41.039677474650766,33.48209464430317,5.0
41.062031743033536,33.44808417466626,5.0
41.08391869518633,33.414613439539906,5.0
41.104953412319,33.38229034642792,5.0
41.12533046601221,33.3508369463515,5.0
41.145578949751346,33.31944681047753,5.0
41.16570713541134,33.288110064517504,5.0
41.185394991577176,33.257331977236845,5.0
41.20506876809195,33.2264517731723,5.0
41.22472004229602,33.19548297236974,5.0
41.24395280714021,33.1650550407211,5.0
41.262935019998395,33.13491033495081,5.0
41.281885150346845,33.10470527590185,5.0
41.30099927191682,33.07412583755648,5.0
41.32041578489745,33.042945114010294,5.0
41.3405312974846,33.01051385618203,5.0
41.36107516174782,32.977253863830896,5.0
41.382201579419814,32.94290175827818,5.0
41.40398322932968,32.90732165473486,5.0
41.42593840130798,32.871288219909495,5.0
41.448510855155455,32.834061086736796,5.0
41.47180957424397,32.79543893028416,5.0
41.49574475598221,32.75554759743417,5.0
41.52010336091372,32.71472369645323,5.0
41.54478094679007,32.673129356847944,5.0
41.57008666963045,32.630226380984496,5.0
41.59576005516119,32.586438069967095,5.0
41.62190502179031,32.54157183479357,5.0
41.64868565649787,32.49532495013046,5.0
41.67581024728848,32.44818271837996,5.0
41.703348413880235,32.400010743597996,5.0
41.73103815530287,32.35125881260053,5.0
41.758541454746734,32.30252776344959,5.0
41.78604459637944,32.253497131221984,5.0
41.81401737589628,32.203325290680596,5.0
41.842118701735046,32.15261812961305,5.0
41.86991679576382,32.10216638355734,5.0
41.897586415723175,32.05167018994851,5.0
41.92496401737706,32.00144520246367,5.0
41.95237755096189,31.95090401557051,5.0
41.980313896049175,31.899149096518087,5.0
42.00874052407373,31.846234226722583,5.0
42.037282252610815,31.79286025515543,5.0
42.06562023972737,31.7396389407664,5.0
42.094022314480824,31.686084163240224,5.0
42.12272706253686,31.63175631214014,5.0
42.15144346441714,31.577218679011754,5.0
42.18008717465435,31.522649851390895,5.0
42.208708635645465,31.467973022169556,5.0
42.23726813508628,31.4132836285773,5.0
42.26567639599341,31.35877354338308,5.0
42.293879074119175,31.30456876464852,5.0
42.32191176288586,31.250622102264458,5.0
42.34977850852731,31.19694612485933,5.0
42.37746736992056,31.143583515952688,5.0
42.404961516189594,31.090585641499963,5.0
42.432454667416444,31.03759720385173,5.0
42.45998112553223,30.98457013225046,5.0
42.48747926406889,30.93164112573211,5.0
42.515035420290076,30.87866198122165,5.0
42.54260948001602,30.825727955135658,5.0
42.57012762782743,30.77299802091634,5.0
42.59758401343098,30.720499589259322,5.0
42.624994173661094,30.668218591568923,5.0
42.6524028935503,30.616085212656586,5.0
42.679820571808904,30.564095353384094,5.0
42.70725298423206,30.51225345793089,5.0
42.7347325124185,30.460513760009686,5.0
42.762308562275855,30.40879943255333,5.0
42.79002907960312,30.357037994957967,5.0
42.817872853362225,30.305286775833945,5.0
42.84577468899288,30.253682917980612,5.0
42.87378721028769,30.202144420540602,5.0
42.90199339185903,30.150536230626454,5.0
42.930322634580065,30.09900514716257,5.0
42.95875499579027,30.04760277769704,5.0
42.987305629367796,29.996316464934452,5.0
43.016015088140406,29.94508891256623,5.0
43.04479534543879,29.894091114882613,5.0
43.073539193851886,29.84352147116258,5.0
43.10250470468291,29.79293746800926,5.0
43.131688505136985,29.74236267836242,5.0
43.1608933649177,29.692150779482123,5.0
43.19023770052352,29.64210724933736,5.0
43.2196099653902,29.592430954407153,5.0
43.24893214551094,29.543256441790973,5.0
43.27827707264886,29.494463329480823,5.0
43.307871755703744,29.445683892585496,5.0
43.33812294463701,29.396275652566757,5.0
43.36875812432713,29.346715947126793,5.0
43.39917028151231,29.29799163231749,5.0
43.42950007664137,29.249867072988916,5.0
43.46010566218595,29.201778645962637,5.0
43.49097666354803,29.153757667735608,5.0
43.52220368249231,29.105680333298903,5.0
43.55386861729484,29.057442853105695,5.0
43.58576606135355,29.009376114990708,5.0
43.617710286748874,28.961764658145494,5.0
43.649863900446555,28.914369508332058,5.0
43.68253123043777,28.86676038485497,5.0
43.715624351858146,28.819090623450823,5.0
43.748506077951724,28.772278497041718,5.0
43.78117004669005,28.726311805146732,5.0
43.8139020503353,28.680776513345936,5.0
43.84671957289176,28.635646198968928,5.0
43.87952994642242,28.59104363048057,5.0
43.912551501833626,28.546671077517622,5.0
43.94658050324231,28.50148928444337,5.0
43.98144090958506,28.45578299394334,5.0
44.01666874564459,28.410190586106275,5.0
44.052219684885145,28.36478190905473,5.0
44.088309750556775,28.31929884896309,5.0
44.12482272298418,28.27390864785633,5.0
44.16170532350882,28.2286920191863,5.0
44.1990811701957,28.1835138041074,5.0
44.23623073889901,28.139239484496738,5.0
44.272857789108734,28.096184374933202,5.0
44.3089384753593,28.054330786616894,5.0
44.344399325109094,28.013718209267203,5.0
44.37900773330525,27.974561759078473,5.0
44.4121311648361,27.937507359894482,5.0
44.44357364334359,27.902691845092438,5.0
44.473738787427585,27.86959957648657,5.0
44.50266466005043,27.838136073912185,5.0
44.5295412832794,27.809122374907673,5.0
44.5546961116943,27.7821454168837,5.0
44.57896366183383,27.7562737813743,5.0
44.602357723835986,27.73147029690169,5.0
44.6245211750601,27.708089358801463,5.0
44.64534199834155,27.68622277883352,5.0
44.66495445239671,27.66570653823948,5.0
44.68314604441139,27.646742279891104,5.0
44.70042825648952,27.628780750701026,5.0
44.71676222682735,27.611851048638467,5.0
44.73162127699135,27.59648624815684,5.0
44.74526386738269,27.582406995818268,5.0
44.75793825653251,27.56934882767143,5.0
44.76991851560848,27.55702394695392,5.0
44.78127789044348,27.545353207097946,5.0
44.79242112016826,27.53391856220553,5.0
44.80360322738952,27.52245786241304,5.0
44.81491559740478,27.510877852656378,5.0
44.82691440936409,27.498611313238186,5.0
44.83939316872894,27.485872612475152,5.0
44.852161072025645,27.47285884176648,5.0
44.865884227374195,27.458895158187854,5.0
44.88074492788015,27.44380384123693,5.0
44.8968504734273,27.427486213645032,5.0
44.91368014536411,27.41047950702606,5.0
44.93114136297106,27.39288454469571,5.0
44.950263315810716,27.37367806248011,5.0
44.97114488556359,27.352784592956734,5.0
44.993968219555256,27.330052417377285,5.0
45.018925381189135,27.305329917730273,5.0
45.046403375189946,27.27828742792324,5.0
45.07725519478383,27.248167604209282,5.0
45.11209495672317,27.214497083058863,5.0
45.15097175381195,27.17739711275439,5.0
45.193106969584015,27.137791211093333,5.0
45.23769865882832,27.09658880971368,5.0
45.28447674789515,27.054171477371426,5.0
45.332694375519374,27.011318101188106,5.0
45.38174929365667,26.968617987129715,5.0
45.43181628734404,26.92595684019512,5.0
45.4824814930389,26.883715800966215,5.0
45.53292493987315,26.84256201698234,5.0
45.58326631756454,26.802357887023078,5.0
45.63385332378342,26.762803743530107,5.0
45.68432280313729,26.724162392599943,5.0
45.7345484852611,26.686495095779257,5.0
45.78509386968962,26.649359062931833,5.0
45.83652917260681,26.612350243915277,5.0
45.88893245994844,26.575446862545515,5.0
45.94222293789649,26.538739883351564,5.0
45.99629226600081,26.50233191673078,5.0
46.05134922441566,26.46611320134881,5.0
46.10760018897935,26.429991510800804,5.0
46.16463889147206,26.39426485679048,5.0
46.22203047670782,26.35921610846786,5.0
46.27964381676227,26.324918385010953,5.0
46.33741025892125,26.29140013077693,5.0
46.395296864433405,26.258665814466447,5.0
46.45322944438679,26.226740530782003,5.0
46.51113969074803,26.19564201094721,5.0
46.56912327872756,26.165300780657894,5.0
46.627202389453494,26.135691284983807,5.0
46.68523313010002,26.106870516887756,5.0
46.74325475901853,26.078800765699548,5.0
46.80159127066972,26.051317140020963,5.0
46.8603137655176,26.024388384214117,5.0
46.91928797144432,25.998076973958522,5.0
46.97864474034652,25.97232558348112,5.0
47.03855260545352,25.94706971566842,5.0
47.099110717254156,25.92228288068126,5.0
47.1604155774698,25.897945814398614,5.0
47.22192889746661,25.874281725584268,5.0
47.28325653532528,25.851429297987597,5.0
47.34478798201298,25.829230973443853,5.0
47.40701222196743,25.80751921605255,5.0
47.46983977102504,25.78634379655677,5.0
47.532555420961415,25.76594549261621,5.0
47.59457737463804,25.7464836216183,5.0
47.65627079275864,25.72781020656578,5.0
47.71878073856542,25.709579802082263,5.0
47.78144118099494,25.691998673763084,5.0
47.84305761237173,25.67537371899715,5.0
47.90413047184305,25.65952833384383,5.0
47.965463935541784,25.644240746740326,5.0
48.027428698758115,25.629429861221475,5.0
48.0895170909376,25.61522578082607,5.0
48.15138685810326,25.6016985146757,5.0
48.212775682143956,25.588885530365232,5.0
48.27317226177449,25.576859564461472,5.0
48.33280015064785,25.56553827274965,5.0
48.39172820892966,25.554877807396444,5.0
48.45076115689803,25.544718406697694,5.0
48.510173564398436,25.535018078551726,5.0
48.56963381854473,25.525835464170658,5.0
48.629178278927625,25.517164494700072,5.0
48.68729635262516,25.50919947631779,5.0
48.74333982643347,25.50196922564386,5.0
48.79866034484052,25.4952539013787,5.0
48.85471040640509,25.488876052613875,5.0
48.9113720883518,25.4828686781781,5.0
48.96717947648552,25.477382645963246,5.0
49.02103355299791,25.47248330595763,5.0
49.074009400251306,25.46803201755727,5.0
49.127670948253666,25.463894578944604,5.0
49.182279348851736,25.46007389584262,5.0
49.235698760521196,25.45671626076823,5.0
49.28798503310937,25.45378628217447,5.0
49.3420144823898,25.451131839865386,5.0
49.39885197001071,25.448767384799574,5.0
49.457995191696575,25.44679582037821,5.0
49.51940926117799,25.445299047032588,5.0
49.584457023051584,25.444358226212174,5.0
49.65155958411717,25.444117840707804,5.0
49.720134371225576,25.444664006702094,5.0
49.78986508606674,25.446062564454675,5.0
49.85981504330138,25.448335901698382,5.0
49.93014103076437,25.451512677550483,5.0
50.00111079288212,25.455640943015148,5.0
50.07270721738497,25.460764394585627,5.0
50.14338189637081,25.466776733369393,5.0
50.21311568396648,25.473639482809915,5.0
50.281271023318176,25.481236832507534,5.0
50.34877471462766,25.489627795434956,5.0
50.41683602752137,25.49897442211307,5.0
50.48418872184467,25.509114069673174,5.0
50.54821228460399,25.519563462119624,5.0
50.61013127029198,25.53040305357342,5.0
50.67319354952861,25.542192092215657,5.0
50.736692518878094,25.554851456603448,5.0
50.799242655513474,25.568108140348244,5.0
50.86036361832442,25.58181741296897,5.0
50.92068977160555,25.596083025237714,5.0
50.98042648682126,25.610935958688668,5.0
51.0407900396743,25.626696439980133,5.0
51.10231859322857,25.64356955725394,5.0
51.165300735940626,25.661727488201134,5.0
51.229342910751406,25.681155574384366,5.0
51.294646949092524,25.70201763815852,5.0
51.36106593623879,25.7243815332707,5.0
51.42851977799467,25.74833890387939,5.0
51.49885188323337,25.774747864292735,5.0
51.57120850448038,25.80356344529629,5.0
51.645795107738984,25.835156030561755,5.0
51.72276513594951,25.869947508247954,5.0
51.7999151827664,25.907231609895362,5.0
51.87690403801198,25.94700985797264,5.0
51.95527843461446,25.990364675506875,5.0
52.03534830376145,26.037954814825678,5.0
52.116086058388575,26.089698257097243,5.0
52.196859441744614,26.145672990707833,4.979316215131278
52.27694335838676,26.20582389344456,4.933749489697233
52.356536883779675,26.270806946914536,4.88775798131476
52.43529719311209,26.340985628975556,4.8413295839804755
52.512410305409,26.41630291521504,4.79445160550641
52.58784635567617,26.49750122323711,4.747110726996097
52.659869853537586,26.58340092654573,4.73274851393709
52.72672711680423,26.671981132205588,4.748679955970151
52.78844273964395,26.762935916144055,4.767715762849253
52.845096318476116,26.85603862383137,4.7883632396646405
52.89678113785424,26.951112661713086,4.811888972800852
52.94341290989628,27.047607671724514,4.83530024488172
52.98456516214396,27.143822766970594,4.858598710507384
53.02073764458768,27.23980602088403,4.8817859847943765
53.05245456953616,27.33605349236977,4.904863644682244
53.07972591250857,27.431652413886173,4.927833230185086
53.102871548766814,27.526530758938822,4.950696245590833
53.122182942644926,27.620667746049705,4.973454160610908
53.137964256337774,27.714421187001534,4.996108411482755
53.15034645090487,27.807346447236974,5.0
53.1594601152611,27.898261509444687,5.0
53.16564771598807,27.987476928465508,5.0
53.169169271910384,28.07490176060657,5.0
53.17029183502568,28.159012236796183,5.0
53.16936512251744,28.240450377557273,5.0
53.16657029198791,28.32089273058513,5.0
53.162186333041205,28.39819656529625,5.0
53.156501618262695,28.472243174546687,5.0
53.149425693012944,28.54609738772968,5.0
53.141026032487076,28.619417181539134,5.0
53.13140709844904,28.69181140410641,5.0
53.120471634612414,28.76427622387222,5.0
53.108264134316464,28.83656090976648,5.0
53.09480455950537,28.908638072383248,5.0
53.07996059401962,28.98116978799436,5.0
53.06405667317759,29.052667689736612,5.0
53.04727164283739,29.122710869197373,5.0
53.029165750283454,29.193258936603183,5.0
53.009815117835494,29.263919518189383,5.0
52.989827902917895,29.332678609091356,5.0
52.96934893059076,29.39946043117373,5.0
52.94787352158973,29.466112951357385,5.0
52.92558262719326,29.532133268713352,5.0
52.902933898647746,29.596368917321396,5.0
52.87965525080117,29.65979450490449,5.0
52.85561760066278,29.722841666703232,5.0
52.83111349888689,29.78483646605436,5.0
52.80584982261691,29.846598521227794,5.0
52.77952674893181,29.908832018586438,5.0
52.752576077014886,29.970508997764966,5.0
52.724638203709816,30.032457278575038,5.0
52.6954280233434,30.095226107997743,5.0
52.66560164357406,30.157378493444973,5.0
52.63512022262528,30.21904685491819,5.0
52.603684425160814,30.280842859271413,5.0
52.571583846846714,30.34220039987436,5.0
52.5387003084,30.403365699503603,5.0
52.50503255806738,30.46434701952472,5.0
52.47103238335339,30.524371781575425,5.0
52.43658024105284,30.583719919879666,5.0
52.401339513876415,30.64299520138475,5.0
52.36511229430399,30.702510345819896,5.0
52.328453482014204,30.76136155547012,5.0
52.291739958313045,30.819016298540458,5.0
52.254734810107756,30.875920254839375,5.0
52.217451891163,30.932103656939887,5.0
52.18004455713125,30.987391220750126,5.0
52.142567969148864,31.041762885781434,5.0
52.104896453923125,31.095452659992688,5.0
52.06689586242337,31.148685899188294,5.0
52.028429151944515,31.201673253110883,5.0
51.989714806844106,31.25413460057453,5.0
51.9510472678865,31.305712022204833,5.0
51.91214406176646,31.356820516214643,5.0
51.872933065118794,31.407576272975476,5.0
51.833654414210216,31.45769454472386,5.0
51.79453601262056,31.50692513254356,5.0
51.75568691010194,31.55517917228447,5.0
51.71677564642986,31.602905753046983,5.0
51.677707685484464,31.650242648602088,5.0
51.63887322821253,31.696745809522355,5.0
51.60033509846949,31.742378914208725,5.0
51.56207884317481,31.7871960930832,5.0
51.52404683007576,31.831297245327736,5.0
51.4861111738108,31.87485643922288,5.0
51.44839599190784,31.917755070679423,5.0
51.410875488376746,31.960046847553077,5.0
51.373312963378886,32.002016177021474,5.0
51.335488852024106,32.04391631428854,5.0
51.297419144013425,32.085733383165255,5.0
51.25910270840474,32.127472664649765,5.0
51.22067835766964,32.16898933991945,5.0
51.1822547131425,32.21017647427737,5.0
51.14362525461945,32.25126380368226,5.0
51.10479456426128,32.292251235526,5.0
51.065857077647095,32.33304531327181,5.0
51.026703338379576,32.37376652406462,5.0
50.987314270965946,32.41443843947911,5.0
50.947780472017534,32.45497223186815,5.0
50.908199386295394,32.4952752653287,5.0
50.86872631472335,32.53519987145425,5.0
50.82920696538197,32.57491212834725,5.0
50.78960418937989,32.614456518752895,5.0
50.75003792669773,32.6537211993427,5.0
50.71039608416756,32.6928251295977,5.0
50.670618867907585,32.73183274402599,5.0
50.63067638418735,32.77077765664293,5.0
50.59050993088064,32.80972035146012,5.0
50.54988142141021,32.84889169645909,5.0
50.50881254004526,32.888268642680956,5.0
50.46765101790123,32.92751970430181,5.0
50.426600241782005,32.966458483827985,5.0
50.38549505576404,33.00524929165019,5.0
50.34409598178855,33.044121680468294,5.0
50.30241417428819,33.083066598634204,5.0
50.26045332579545,33.122082232553296,5.0
50.21824073581778,33.16114518413069,5.0
50.176034599500746,33.20002102512967,5.0
50.133932636975715,33.23862712268201,5.0
50.09180977720462,33.27708504911378,5.0
50.0496739853799,33.315393276073664,5.0
50.00752426846888,33.35355833659555,5.0
49.965353741750235,33.39159187817261,5.0
49.923146166521406,33.42951365309944,5.0
49.88087923706378,33.46734842377287,5.0
49.83853352784518,33.50511792878248,5.0
49.79607920613993,33.54285274119088,5.0
49.75339712257729,33.58066178092392,5.0
49.71040427686327,33.6186204171951,5.0
49.66747387401771,33.65640271587555,5.0
49.6248207916198,33.69382629538296,5.0
49.58216782376209,33.73114049899227,5.0
49.53930659671459,33.76853111300646,5.0
49.496312124923556,33.8059355309074,5.0
49.45340710322594,33.84316423124622,5.0
49.410650513930335,33.88017139485957,5.0
49.36811502795958,33.91689982617406,5.0
49.32567710358519,33.95346146067843,5.0
49.28310408331016,33.99006047134727,5.0
49.24035652914204,34.02673346048753,5.0
49.19735249735664,34.06355303711334,5.0
49.15420025988802,34.10042895950565,5.0
49.11111404997136,34.13718167240658,5.0
49.06802413115945,34.17387456012055,5.0
49.024723698918756,34.21068677117728,5.0
48.98104239495383,34.24776519591346,5.0
48.93705562941872,34.28504775945566,5.0
48.892912703376176,34.32241052772357,5.0
48.84871094604756,34.35977436003397,5.0
48.804596073854604,34.397019826873226,5.0
48.7605671890003,34.434151634836866,5.0
48.71657756081355,34.4712129503889,5.0
48.67263487535958,34.508200902378604,5.0
48.62883608033297,34.54503755994954,5.0
48.58526611037804,34.58165527919612,5.0
48.54186679639118,34.61810660853741,5.0
48.498575969501026,34.654447156735095,5.0
48.45523663948696,34.690811817285365,5.0
48.411788280037314,34.72725429588368,5.0
48.36832028780409,34.76370255591707,5.0
48.32485559108642,34.80014036134888,5.0
48.281497651158965,34.83648396974174,5.0
48.23823054902131,34.87274966741215,5.0
48.19485887273385,34.90910412057507,5.0
48.15130154270033,34.945618197104174,5.0
48.107619536077046,34.982243747946846,5.0
48.06396257788197,35.01885817015887,5.0
48.02036530044633,35.05543525340817,5.0
47.976763982667414,35.092031274816826,5.0
47.933108680290424,35.128691036758084,5.0
47.88941631461779,35.16540324536957,5.0
47.845758547505255,35.202110516594374,5.0
47.8021148257344,35.23883288762093,5.0
47.75852799592984,35.27553701088416,5.0
47.71505989135528,35.31217334033674,5.0
47.671692314306455,35.34875961721565,5.0
47.62840764229787,35.38531311533239,5.0
47.58519241644127,35.421847616659285,5.0
47.54203453130928,35.458375782336184,5.0
47.49892308306553,35.4949092846638,5.0
47.45584700482729,35.53145996909509,5.0
47.4127974934697,35.56803780042723,5.0
47.36976677159236,35.60465191064325,5.0
47.3267466331954,35.64131184023984,5.0
47.28373089493234,35.67802545379678,5.0
47.240714395537864,35.71479978728432,5.0
47.19769269898484,35.75164129993424,5.0
47.1546618903078,35.78855604861945,5.0
47.11161721123552,35.82555086262345,5.0
47.06855506070734,35.862631630495926,5.0
47.02552160623472,35.899761268075835,5.0
46.9825460657296,35.936916982819945,5.0
46.939616060637846,35.97411182820878,5.0
46.89681696630143,36.01127390326289,5.0
46.854129662420235,36.04842159884996,5.0
46.811458449714415,36.08564040565362,5.0
46.76879432842471,36.12294080515214,5.0
46.726120088466885,36.160340604577726,5.0
46.683469658412704,36.19781278248566,5.0
46.64088470425954,36.23532312823959,5.0
46.59838826169866,36.2728534544861,5.0
46.55598816030611,36.31039879479386,5.0
46.5136458531274,36.347995363951696,5.0
46.47131106795219,36.38569031452135,5.0
46.42900593530242,36.42346661545908,5.0
46.386777206193756,36.46128485955199,5.0
46.34462755270056,36.49914473708281,5.0
46.302559641776796,36.53704590353368,5.0
46.26057598530947,36.57498811450933,5.0
46.218679123363344,36.61297106065764,5.0
46.176872603942925,36.65099347222303,5.0
46.135148531259965,36.68906449834541,5.0
46.093504944042984,36.72718795359698,5.0
46.05197356153377,36.76533664209238,5.0
46.01052844663014,36.80353618873786,5.0
45.969140282827134,36.841815762160444,5.0
45.92782409306918,36.88016371759721,5.0
45.886582908432636,36.91857938484105,5.0
45.845444263743396,36.957039060783586,5.0
45.80441016085855,36.995542617984576,5.0
45.76346204173006,37.03410932660045,5.0
45.72257390438322,37.07276585323455,5.0
45.681713776896565,37.11154503915939,5.0
45.64088453359935,37.1504470198204,5.0
45.60012907621506,37.18943347671145,5.0
45.559459286457354,37.228495208695605,5.0
45.518844497226674,37.267663999085414,5.0
45.47828414185783,37.30694299607006,5.0
45.437804254970416,37.346309414310866,5.0
45.39741849213461,37.38575209765537,5.0
45.35712251573838,37.42527734380776,5.0
45.316925286788326,37.464878399297,5.0
45.27684583686918,37.50453832059497,5.0
45.23688170719633,37.544261206727356,5.0
45.19700824235624,37.58407347778438,5.0
45.157207970839195,37.623994889929484,5.0
45.11747726544101,37.66403161619691,5.0
45.077814969528816,37.704187437738284,5.0
45.03822031734697,37.74446580288907,5.0
44.99869308637532,37.78486966218834,5.0
44.95923341463962,37.82540164327196,5.0
44.919841020950564,37.86606485068492,5.0
44.88051596320732,37.90686209052608,5.0
44.84125915324945,37.94779532250013,5.0
44.80207170300033,37.98886632300652,5.0
44.76295558560714,38.030075979408636,5.0
44.72391332819671,38.07142458864774,5.0
44.68495097664272,38.112908664590805,5.0
44.64610456661393,38.15449232471381,5.0
44.60740980324797,38.19613903339465,5.0
44.568873387241766,38.23784277370171,5.0
44.530504133639994,38.279595011094145,5.0
44.49228280459757,38.32141780228712,5.0
44.45417137798806,38.36335457418341,5.0
44.41617021252487,38.40540724091019,5.0
44.378288413155296,38.44756794871523,5.0
44.34052132149124,38.48984407767991,5.0
44.302866920409556,38.532240198629765,5.0
44.265321773093625,38.57476260088513,5.0
44.22788194891289,38.61741829373384,5.0
44.19054405306049,38.66021384657701,5.0
44.15330382655982,38.70315699842487,5.0
44.1161588646665,38.74625352917761,5.0
44.079107571421545,38.78950841556421,5.0
44.04214832183068,38.83292679202464,5.0
44.005251102022115,38.876547698323556,5.0
43.968414368217395,38.92037731064119,5.0
43.93170112124815,38.96434417769242,5.0
43.895203848760204,39.008338678325416,5.0
43.858966344961765,39.05230699411076,5.0
43.82294848699062,39.09629666162947,5.0
43.78712434714731,39.14033920622533,5.0
43.75148483189953,39.18444620107451,5.0
43.716025630241035,39.22862357280951,5.0
43.68081244767184,39.27278900204227,5.0
43.64580738844007,39.31698904436395,5.0
43.610851563955244,39.36142666704356,5.0
43.575932377013785,39.40612325862356,5.0
43.541125698860256,39.450986102322055,5.0
43.506455142452715,39.4959874726483,5.0
43.471898757116925,39.541158591990154,5.0
43.43743199942023,39.586535196701526,5.0
43.403031975635066,39.632152073410616,5.0
43.36868253730028,39.67803617050099,5.0
43.33437313122625,39.724207817344244,5.0
43.30009685679684,39.77068308706594,5.0
43.265935731520855,39.81735621649676,5.0
43.23197783686335,39.864108873652,5.0
43.198195872771684,39.91097938360478,5.0
43.16457424945563,39.957991022784306,5.0
43.1311353198156,40.00511403994952,5.0
43.097887358000584,40.0523375990728,5.0
43.06482306367373,40.09967285124356,5.0
43.03193605415043,40.14713000623171,5.0
42.99922142749883,40.194717457286636,5.0
42.9664634258273,40.242755598901745,5.0
42.93350524984839,40.29149020926516,5.0
42.90066374089041,40.340465292278104,5.0
42.868168026982765,40.38933818281468,5.0
42.835916079221555,40.43825800945119,5.0
42.80382472233182,40.487351250097966,5.0
42.77186646009071,40.53666315765763,5.0
42.74002445265643,40.58622415033468,5.0
42.708293086091885,40.63604811371095,5.0
42.67666793663481,40.68614755131315,5.0
42.645151043619556,40.736525001706475,5.0
42.61382494721368,40.787051976165166,5.0
42.58273439236894,40.837656037932604,5.0
42.55180659681831,40.888456137582615,5.0
42.521235224200375,40.93913090645289,5.0
42.49096115975089,40.98977079649391,5.0
42.46050341863431,41.04118922087862,5.0
42.42976021071553,41.0935858157744,5.0
42.39885212443978,41.14678385316771,5.0
42.36777913639925,41.20080971127456,5.0
42.33637543912478,41.255985650066265,5.0
42.30480814164354,41.312054101006865,5.0
42.27342348005373,41.36841796498879,5.0
42.242249941342955,41.425029588328,5.0
42.211364609422844,41.48174808190751,5.0
42.18085387068119,41.53840685973086,5.0
42.15060722350257,41.59520371856825,5.0
42.120804920117166,41.65178930201104,5.0
42.09177961440368,41.70749907776811,5.0
42.06348542466396,41.762375960648036,5.0
42.03601446756803,41.816194248076776,5.0
42.00981432039238,41.86800997267107,5.0
41.98502341592603,41.91746391270951,5.0
41.961183082382775,41.96540095954309,5.0
41.938326048353844,42.01170205626768,5.0
41.916234427431874,42.05676301298309,5.0
41.89422105688649,42.101966362311174,5.0
41.87275182465077,42.14634236242739,5.0
41.852062788764705,42.18937154642995,5.0
41.83197432970245,42.23139562195553,5.0
41.81248654431126,42.27238802695014,5.0
41.79401290573686,42.31144475403392,5.0
41.77684660641003,42.347900219142886,5.0
41.76050132780527,42.38274959156867,5.0
41.744821616846025,42.416300624155255,5.0
41.729864907069974,42.44841005496278,5.0
41.71533987970635,42.47968755911031,5.0
41.70137740265253,42.50983868238313,5.0
41.68828759751756,42.53817699939381,5.0
41.675569933880276,42.56577283642386,5.0
41.663289406353194,42.59247713538606,5.0
41.652033939700615,42.616998481068784,5.0
41.641129440888776,42.640794546887086,5.0
41.629890188319656,42.665361360701326,5.0
41.61912317718872,42.68893373417578,5.0
41.60856091120825,42.71209240709462,5.0
41.59749377047369,42.736394975636195,5.0
41.5860298043209,42.7616100315965,5.0
41.57387987120173,42.78838119717102,5.0
41.560684092055006,42.817515272856525,5.0
41.54637943104114,42.84917117329165,5.0
41.53092524703821,42.88346254506724,5.0
41.51407486429672,42.92096744787109,5.0
41.49584928227274,42.96167726033357,5.0
41.476561183306615,43.00493022556445,5.0
41.456276730939315,43.05061021664295,5.0
41.43477694995264,43.09924675906932,5.0
41.412386975763674,43.15013874051082,5.0
41.38948280261237,43.2024494965689,5.0
41.36662015689107,43.25490505802958,5.0
41.34412949053472,43.306722746771925,5.0
41.322158386031674,43.35752982000171,5.0
41.30107791848346,43.40642989174473,5.0
41.28168778993225,43.451520268437235,5.0
41.264795683532306,43.49087101508459,5.0
41.24949612605161,43.52655569653155,5.0
41.2355829238278,43.559035709399716,5.0
41.22326248477077,43.58781541408847,5.0
41.212062173041794,43.6139899346841,5.0
41.202089641787545,43.63730220715464,5.0
41.19346171529588,43.657475225845474,5.0
41.18580747141613,43.67537393058166,5.0
41.17939857274501,43.690361685810714,5.0
41.17439780104037,43.7020569106261,5.0
41.17004253990678,43.71224273053119,5.0
41.16634221687424,43.72089694504135,5.0
41.16322089883106,43.7281970592576,5.0
41.1603944643096,43.73480753566149,5.0
41.15779466946406,43.740887966022015,5.0
41.15586278766348,43.7454062809976,5.0
41.15418148029022,43.74933855154871,5.0
41.152492373469784,43.75328906521988,5.0
41.151547549738915,43.75549883634499,5.0
41.15120408248591,43.7563021438814,5.0
41.15120408248596,43.75630214388145,5.0
41.151515448645945,43.75650738758085,5.0
41.1526845992577,43.757278058345385,5.0
41.15449699485645,43.758472737861595,5.0
41.156844603855816,43.760020214726644,5.0
41.159908309023294,43.76203972149604,5.0
41.163880523249645,43.76465809057925,5.0
41.168373043452355,43.76761942833497,5.0
41.17391282458797,43.771271085124994,5.0
41.181579733231935,43.77632486550057,5.0
41.19055871904229,43.78224348875167,5.0
41.199693637392436,43.78826484104906,5.0
41.210372903408505,43.79530406649823,5.0
41.22234258569866,43.80319369938746,5.0
41.23485520827257,43.81144095787799,5.0
41.24705815802606,43.81948382304455,5.0
41.25816606831564,43.82680469655638,5.0
41.26921681380113,43.83408763625377,5.0
41.28021667575604,43.84133676327804,5.0
41.29195097295864,43.849069556401254,5.0
41.30412818357846,43.85709380262755,5.0
41.3166796921279,43.86536419428739,5.0
41.330762947268816,43.87464318235452,5.0
41.34597435644434,43.88466450039798,5.0
41.3621826548625,43.89534129772511,5.0
41.37980542805519,43.90694813236892,5.0
41.398519154758716,43.919271267361594,5.0
41.42015803315661,43.93351726013585,5.0
41.44645891209028,43.950826322594125,5.0
41.47615212564799,43.970357776095405,5.0
41.50975815263456,43.99244724493963,5.0
41.54853222112363,44.01790827458487,5.0
41.59228085603486,44.046595846583806,5.0
41.63955167678629,44.07753662200858,5.0
41.689482096685126,44.110145522782496,5.0
41.7410752983676,44.14375307422088,5.0
41.79380476483659,44.1780009530039,5.0
41.84838820823741,44.213337696271644,5.0
41.9042874254207,44.24939479774733,5.0
41.96158305713048,44.286204680861886,5.0
42.01895453512201,44.322904815840054,5.0
42.074577957696164,44.358331827897594,5.0
42.12872596654012,44.39267204221204,5.0
42.18164518426171,44.42609213911439,5.0
42.233120461345464,44.458466653189674,5.0
42.283331999085846,44.48991970005977,5.0
42.33286682393359,44.52082607718269,5.0
42.38241113425318,44.551614902967316,5.0
42.432140616406386,44.58239220524273,5.0
42.481796021703545,44.61299493866253,5.0
42.531850624235275,44.643711186673286,5.0
42.58297381471313,44.674941965849726,5.0
42.63403641595598,44.70599007775701,5.0
42.6845666061057,44.7365704017835,5.0
42.73535887040637,44.7671638544757,5.0
42.78654894792884,44.79784704223582,5.0
42.83806353444757,44.8285705191272,5.0
42.889723995034664,44.85922377793533,5.0
42.94178886606046,44.889955818956636,5.0
42.99416901805624,44.920708611013026,5.0
43.04544758344753,44.95065441092636,5.0
43.09500478459131,44.979447794535595,5.0
43.14459693669918,45.008118599277815,5.0
43.195037987212324,45.03713180978187,5.0
43.245706187698644,45.06612304471247,5.0
43.29648636309499,45.09502407471463,5.0
43.34692030209908,45.12357533277094,5.0
43.39754566544529,45.15208201309027,5.0
43.44865612030114,45.18070531350871,5.0
43.49910940826023,45.208806606485616,5.0
43.5487589298034,45.23631310841539,5.0
43.59807170087934,45.26349037655043,5.0
43.646932681630034,45.290279711702404,5.0
43.69622382011018,45.31716501912171,5.0
43.74622005761124,45.34429003596898,5.0
43.79639821608231,45.371366097480525,5.0
43.84677257163696,45.398399096363335,5.0
43.89705081955072,45.425232051891996,5.0
43.94697340657039,45.45172960769946,5.0
43.996764590883814,45.47801416373916,5.0
44.04650681598353,45.50413085377061,5.0
44.09612551564363,45.53004211913971,5.0
44.14609540761433,45.55599521994793,5.0
44.19612309883631,45.58183614916039,5.0
44.24608160720293,45.60750011541836,5.0
44.29636922765634,45.633191027023415,5.0
44.34680747500903,45.65881579900482,5.0
44.39752641413297,45.68443892173085,5.0
44.448276381946314,45.7099333970494,5.0
44.49856094915436,45.73505321408788,5.0
44.54904028419256,45.76013060802908,5.0
44.60011041951509,45.7853589166454,5.0
44.65166813563467,45.81068211251817,5.0
44.70368138530927,45.83608017769253,5.0
44.755960506172286,45.861457508819306,5.0
44.80834526322003,45.886735379544376,5.0
44.86080568581837,45.91189950905414,5.0
44.91336694547717,45.93696220881641,5.0
44.96578827654134,45.96181015728562,5.0
45.01830237574166,45.98655519004393,5.0
45.07114320456082,46.01130649620586,5.0
45.123976929458955,46.03590723956874,5.0
45.17668054214443,46.060302235656785,5.0
45.22920358016772,46.084471151124845,5.0
45.28185773316658,46.10855900257127,5.0
45.33458932074887,46.132541446342344,5.0
45.38704576160088,46.156260508955626,5.0
45.439414286638446,46.17980407204087,5.0
45.491766704084455,46.203206267941226,5.0
45.54402768372317,46.22643527944316,5.0
45.59634743154331,46.24955934253775,5.0
45.648623287453766,46.272534317549315,5.0
45.70084510643804,46.29535753495976,5.0
45.75312749378679,46.31808035509979,5.0
45.80533935072262,46.34064715182896,5.0
45.85733289328275,46.36299672096364,5.0
45.909139452998275,46.38514570492911,5.0
45.960944218574205,46.40717540826209,5.0
46.012827149121804,46.42912074068982,5.0
46.06496050091604,46.451054340572824,5.0
46.11732632321236,46.47296776160196,5.0
46.16964123305397,46.4947429003256,5.0
46.22179933324019,46.51633789527324,5.0
46.27394010880701,46.53781254116832,5.0
46.32630570924787,46.55926695117713,5.0
46.3787960262443,46.58065989808588,5.0
46.431238397239504,46.60192198054203,5.0
46.48374019480645,46.62309797764191,5.0
46.5363018752859,46.64418886832243,5.0
46.5889592827343,46.66520968647733,5.0
46.64175008182535,46.68617582713816,5.0
46.69459687622892,46.707057085786886,5.0
46.74744454907151,46.72783276007392,5.0
46.800222566863624,46.74847669382011,5.0
46.85297778490713,46.7690088653751,5.0
46.90577890012,46.78945720170994,5.0
46.95861899568072,46.80981997460961,5.0
47.0115014599998,46.83009945454369,5.0
47.064453283528294,46.85030684373132,5.0
47.11744179719393,46.87043055057567,5.0
47.17041942603291,46.890453676812044,5.0
47.223376903151006,46.91037408844529,5.0
47.27633625448949,46.93020138306698,5.0
47.32932888754467,46.94994843527125,5.0
47.382348052568204,46.96961375606315,5.0
47.43538495455839,46.98919515985486,5.0
47.48844989276158,47.008697516537204,5.0
47.54154617777689,47.028123061061066,5.0
47.59467122121888,47.04747185935049,5.0
47.647812503136926,47.06674041038823,5.0
47.70096651889805,47.08592854938149,5.0
47.75416595552086,47.105049083781424,5.0
47.80740747826391,47.12410172774905,5.0
47.86067869658002,47.14308300744213,5.0
47.913976149698826,47.161992695435956,5.0
47.967284759184025,47.180826499365715,5.0
48.02063212594127,47.19959518536521,5.0
48.074035922055735,47.21830584892689,5.0
48.127417826249626,47.23693210071848,5.0
48.18079363880179,47.255480676596086,5.0
48.23423630785909,47.27397789009338,5.0
48.287754725139784,47.292427552801975,5.0
48.341271395255774,47.31080387176564,5.0
48.394734433351886,47.329090296794305,5.0
48.448206491444054,47.347309480614406,5.0
48.50162216045973,47.3654403540282,5.0
48.555013095461696,47.383494951600426,5.0
48.608484450685495,47.40150976339759,5.0
48.66197349881197,47.41946447756485,5.0
48.71537040526817,47.43732346469112,5.0
48.768767665358034,47.45511892541152,5.0
48.82223528401199,47.472875056765766,5.0
48.875692649414184,47.49056597555263,5.0
48.929187647414984,47.50820848593003,5.0
48.98273979254224,47.52580982254385,5.0
49.03624455503666,47.54333661285487,5.0
49.089842972034745,47.560835953477856,5.0
49.14356619233212,47.57831853655288,5.0
49.19727787721016,47.59574074449132,5.0
49.251068281219226,47.6131326966955,5.0
49.304927871587374,47.63049198557788,5.0
49.35877773034069,47.647794028723226,5.0
49.41257086699127,47.665024824772985,5.0
49.46635813232032,47.68220173753686,5.0
49.52015954016055,47.699332085503485,5.0
49.57402518459551,47.71643260666039,5.0
49.628019159830075,47.73352422317,5.0
49.68210414317012,47.75059564988798,5.0
49.736223633908345,47.767629753947624,5.0
49.790311708277414,47.78460670045951,5.0
49.844425201407525,47.801545249929646,5.0
49.898509419579106,47.81842919048253,5.0
49.95252754955168,47.83524807973672,5.0
50.00651697677416,47.85201459131856,5.0
50.06047383159122,47.86872848886888,5.0
50.11437073305591,47.88538229146572,5.0
50.168379552818855,47.902029874095774,5.0
50.22250671979249,47.91867371561723,5.0
50.27657638371367,47.93526049170132,5.0
50.33061682025724,47.95179983017629,5.0
50.38462170686017,47.968290704793226,5.0
50.438609823075424,47.98473972901244,5.0
50.49262093862085,48.00115980879884,5.0
50.546562943713646,48.017523789821524,5.0
50.60034438077392,48.03380499666746,5.0
50.65419879493243,48.0500750009763,5.0
50.708116098719636,48.06633134107112,5.0
50.76202999069355,48.08255470144338,5.0
50.81595260597972,48.098749465069616,5.0
50.86987628494104,48.11491404893075,5.0
50.92375447160134,48.13103526561051,5.0
50.97749198949438,48.14708554660083,5.0
51.03128350662379,48.16312382166608,5.0
51.08519298453711,48.17916967013492,5.0
51.13917350310565,48.19520961792086,5.0
51.19320700420205,48.21123885432121,5.0
51.24738537727822,48.227285120369146,5.0
51.30166270549805,48.243335255746494,5.0
51.35592723172205,48.259356798960745,5.0
51.41023307806955,48.27536636196805,5.0
51.46458745977282,48.29136664390194,5.0
51.51889433488891,48.30733001550568,5.0
51.573220831187484,48.32327686677467,5.0
51.62754331535795,48.33920087393882,5.0
51.68178635351016,48.35508060739204,5.0
51.73607821145274,48.37095424817611,5.0
51.79035210199703,48.38680284592691,5.0
51.84453186560504,48.402604832282144,5.0
51.89871441561916,48.41838911656696,5.0
51.952987489261275,48.43418176745786,5.0
52.0071687793768,48.44993030243764,5.0
52.061332092834505,48.46565680026486,5.0
52.11565248298617,48.48141255167961,5.0
52.170053910020414,48.49717590453916,5.0
52.2243951331122,48.512906460088544,5.0
52.27861386039449,48.52858681746542,5.0
52.33280047911079,48.54424371855691,5.0
52.38692295524203,48.55986846543869,5.0
52.44107833071044,48.575489588653035,5.0
52.49525930691588,48.59110544744297,5.0
52.549396685160566,48.60669659086912,5.0
52.60357187085118,48.62228694268306,5.0
52.65792450860011,48.63791706949363,5.0
52.71227772869341,48.65353650367896,5.0
52.76645227285494,48.669094261287455,5.0
52.82057636440386,48.68462769939642,5.0
52.87467654931111,48.70014490195713,5.0
52.92874708078155,48.71564466940605,5.0
52.98279127551302,48.73112839315344,5.0
53.03687452527739,48.746615219329094,5.0
53.090992797287825,48.76210438008192,5.0
53.14520471853338,48.77761302236627,5.0
53.1995150619148,48.793142859282604,5.0
53.25381850629023,48.8086641451262,5.0
53.30803860435427,48.82415543682917,5.0
53.362235665004626,48.839634366953355,5.0
53.41647515013447,48.855119998083765,5.0
53.470722481737,48.87060281240378,5.0
53.525057627560116,48.88610597468125,5.0
53.57947339724577,48.90162775827674,5.0
53.63391146225171,48.917151857670376,5.0
53.68829183103057,48.93265580896185,5.0
53.74260322846615,48.94813674874141,5.0
53.79685422319275,48.96359746125283,5.0
53.85101272922807,48.97902913737758,5.0
53.90517264154507,48.99445885071956,5.0
53.95938318185454,49.00990092456833,5.0
54.01356318512964,49.025332536560036,5.0
54.06767090915009,49.040742096632655,5.0
54.12179677347098,49.05615564467588,5.0
54.17596989552732,49.07158175072966,5.0
54.23009996701981,49.08699497446799,5.0
54.28427708675997,49.102421241246574,5.0
54.33853869942085,49.11787147742355,5.0
54.392784374953514,49.133317348356606,5.0
54.44708330915137,49.14877881391323,5.0
54.50143326817702,49.16425549240195,5.0
54.555787630743524,49.17973435774583,5.0
54.61021118386168,49.1952341065316,5.0
54.664684107247545,49.210749339724984,5.0
54.71908923432303,49.22624692039431,5.0
54.77344640284764,49.241732723149866,5.0
54.827822322128135,49.25722597696986,5.0
54.88218581358725,49.272718020834986,5.0
54.936529832097555,49.28820706240201,5.0
54.99090707174569,49.30370833614346,5.0
55.04529147645367,49.31921462920296,5.0
55.09967303830484,49.33472329593283,5.0
55.154072836590494,49.35024055340686,5.0
55.20844190995651,49.365752634336275,5.0
55.262786467409754,49.381261499360335,5.0
55.31712622610847,49.396772964063295,5.0
55.3715048371955,49.41229968331591,5.0
55.425932075008355,49.42784464796807,5.0
55.48034038725091,49.44338875267969,5.0
55.53479837279142,49.45895178115422,5.0
55.58928958258107,49.47452922413113,5.0
55.643748804408986,49.49010261366176,5.0
55.69822551204241,49.5056862651123,5.0
55.752627590435274,49.52125398342912,5.0
55.806920990512864,49.536796150811796,5.0
55.86121066874516,49.55234294715844,5.0
55.91543509045248,49.567876890051366,5.0
55.969562698986614,49.583389053686204,5.0
56.023710783163395,49.59891317940499,5.0
56.07787914345584,49.61444936035932,5.0
56.131975887017546,49.62997136586302,5.0
56.186038749876396,49.645490131660075,5.0
56.24011604079067,49.66101964903183,5.0
56.29412135711822,49.67653521628156,5.0
56.34810505459679,49.69205139784243,5.0
56.402166687437344,49.707596939008376,5.0
56.456267639345974,49.72316087913068,5.0
56.510371050660744,49.738732734901426,5.0
56.56442059372893,49.75429638618144,5.0
56.61849942621538,49.76987587339028,5.0
56.67263414026056,49.78547897861659,5.0
56.72671755110399,49.80107490398199,5.0
56.78079489314574,49.81667676808223,5.0
56.83486347518111,49.832283877123366,5.0
56.888965397170786,49.84790847431428,5.0
56.9431887389377,49.863576122919646,5.0
56.997421309817845,49.87925452248296,5.0
57.051652834415556,49.89494078051559,5.0
57.105962537561076,49.91065790851705,5.0
57.16026405922381,49.92638100567735,5.0
57.214519410398296,49.942099123588726,5.0
57.2687848486031,49.95782861473654,5.0
57.32306563645863,49.97357107575236,5.0
57.377348043331956,49.989322591087976,5.0
57.43165071464231,50.005088637551545,5.0
57.485971491980834,50.02086865832896,5.0
57.540253687772655,50.036646235296494,5.0
57.594502977938674,50.05242304974767,5.0
57.64873812586709,50.06820459611692,5.0
57.70296803382599,50.08399351019159,5.0
57.75719994376932,50.09979194970815,5.0
57.811419467963006,50.115595769239626,5.0
57.865633374009825,50.13140698366708,5.0
57.919846754452266,50.14722712335496,5.0
57.974053284563354,50.16305438651833,5.0
58.02825891216144,50.17889055265814,5.0
58.08245822780467,50.19473408352937,5.0
58.13664400093191,50.21058290262563,5.0
58.19082286550613,50.22643898629698,5.0
58.244988187445834,50.242300428154294,5.0
58.29914781359547,50.25816956081138,5.0
58.35331803799214,50.27405120070013,5.0
58.407494108682634,50.28994400006704,5.0
58.46167379233819,50.305847346111506,5.0
58.515851073563056,50.321759511836035,5.0
58.57001853892301,50.337678353222614,5.0
58.62416727916998,50.353601278802046,5.0
58.67830574970055,50.36953080092905,5.0
58.732443080987565,50.38546963728593,5.0
58.78657672312908,50.401417070043344,5.0
58.840711894600084,50.41737466951072,5.0
58.89484234922313,50.433340626392024,5.0
58.94895788144847,50.44931195575185,5.0
59.00306527997062,50.465290684511984,5.0
59.05717319684687,50.48127939573087,5.0
59.11128746728327,50.497279846339794,5.0
59.165403925042256,50.513290836912,5.0
59.21951322592901,50.52930962993111,5.0
59.27363072894192,50.545340800977264,5.0
59.327759885538875,50.56138540736249,5.0
59.381896251790764,50.57744216595387,5.0
59.436032091806815,50.593508811473484,5.0
59.49015534214792,50.60958178526817,5.0
59.544270869234104,50.62566255139962,5.0
59.59838298972828,50.641752414403506,5.0
59.652490145960314,50.65785093385916,5.0
59.70659278960902,50.67395826638476,5.0
59.760692506601714,50.690074907010704,5.0
59.81478958053787,50.706200963619345,5.0
59.86888321193325,50.72233622109156,5.0
59.92297318392591,50.73848063753493,5.0
59.97705990892295,50.754634358842424,5.0
60.031144408444256,50.7707977133952,5.0
60.085227678681235,50.78697102287351,5.0
60.13930924904101,50.80315417056761,5.0
60.19338753503756,50.81934670565086,5.0
60.247461805388305,50.83554843155392,5.0
60.30153238225113,50.85175946727243,5.0
60.3556000393944,50.86798006765081,5.0
60.40966409451601,50.88421005111126,5.0
60.463722321508556,50.90044877125554,5.0
60.51777830117808,50.91669732639715,5.0
60.571833168801554,50.93295608251359,5.0
60.625884965789645,50.94922447501517,5.0
60.67993404125915,50.96550263288951,5.0
60.733981013868906,50.9817907669608,5.0
60.78802523058224,50.99808870501636,5.0
60.8420656405398,51.01439615416097,5.0
60.89610284842789,51.03071332069427,5.0
60.950137555911866,51.047040441114184,5.0
61.004169122623274,51.06337734656849,5.0
61.058197467773255,51.079724037069305,5.0
61.11222238764016,51.09608047530419,5.0
61.16624453139952,51.11244688232705,5.0
61.22026570886194,51.12882383199293,5.0
61.27428723827997,51.145211750800165,5.0
61.328306809956196,51.16160996463314,5.0
61.38232135652799,51.178017566744245,5.0
61.436329840983944,51.194434264699005,5.0
61.49033586261782,51.21086117596826,5.0
61.544338939157505,51.22729817820716,5.0
61.598334695963246,51.24374396223829,5.0
61.65232449729057,51.26019896434667,5.0
61.70630825623803,51.27666317901569,5.0
61.76028967259201,51.29313775672604,5.0
61.8142690966704,51.309622827734245,5.0
61.86824564960685,51.32611814646269,5.0
61.92222210985079,51.34262458521348,5.0
61.97619241489316,51.3591403114806,5.0
62.03015821168534,51.37566584867393,5.0
62.08412436130232,51.392202706960695,5.0
62.138089824999696,51.408750590938574,5.0
62.192054193525074,51.42530939711569,5.0
62.24601866284838,51.44187951456669,5.0
62.299982929858636,51.4584608724202,5.0
62.353945961453604,51.475053174854686,5.0
62.407913590340186,51.491658238936566,5.0
62.46188541726856,51.5082759675017,5.0
62.51585668458275,51.52490491928852,5.0
62.56982137322693,51.541543258982884,5.0
62.623775533890715,51.55818978417753,5.0
62.677718074575594,51.57484417143211,5.0
62.73164893446179,51.591506415404304,5.0
62.78557238081822,51.60817785027304,5.0
62.839492955365984,51.62485990043107,5.0
62.89339988723958,51.64154925184768,5.0
62.94728742825226,51.6582441368382,5.0
63.00117695753283,51.67495119844516,5.0
63.05507547027114,51.69167263820451,5.0
63.108960256977085,51.708401437787394,5.0
63.1628299465196,51.725137189107016,5.0
63.2166963226587,51.74188357628049,5.0
63.27057268789417,51.7586447701005,5.0
63.32445785379916,51.77542044260738,5.0
63.37834767747828,51.7922093444676,5.0
63.43224675415017,51.80901294918909,5.0
63.486131960706345,51.82582408273543,5.0
63.53999806388593,51.842641135622436,5.0
63.59385813015568,51.85946821492615,5.0
63.6477160016175,51.876306557173876,5.0
63.70157570476314,51.893157461837276,5.0
63.75544058493869,51.91002202042779,5.0
63.80931097026515,51.926900383110194,5.0
63.863185717274845,51.943792239560466,5.0
63.91705778206131,51.960695426329224,5.0
63.97092033552988,51.97760784017301,5.0
64.02477927105619,51.99453137126806,5.0
64.07864186606879,52.011468352779886,5.0
64.13250238394694,52.02841702865007,5.0
64.18635367780267,52.04537519227975,5.0
64.24020178888051,52.06234478844929,5.0
64.29404916530366,52.07932663553942,5.0
64.34789477521002,52.09632045603478,5.0
64.4017323555376,52.113324318293905,5.0
64.45556575364436,52.1303394814482,5.0
64.5093981008077,52.147366983094386,5.0
64.56322560842182,52.16440567269495,5.0
64.61704858533541,52.1814556945262,5.0
64.67086730913803,52.198517183643,5.0
64.72468373998235,52.21559080998667,5.0
64.77850178909239,52.232677866198124,5.0
64.83232049324631,52.249778100097586,5.0
64.88613181904431,52.26688900884451,5.0
64.9399291953337,52.28400854594355,5.0
64.9937132604963,52.301136955160835,5.0
65.04748421355356,52.318274341483324,5.0
65.10123985419122,52.335420044824545,5.0
65.15499287742784,52.35257816128832,5.0
65.20874105094154,52.36974803128491,5.0
65.2624707468705,52.38692534699911,5.0
65.31619380493026,52.40411393908713,5.0
65.36991613921599,52.4213157548944,5.0
65.42365008825833,52.43853481026757,5.0
65.47739782988398,52.45577187644506,5.0
65.53115624231812,52.47302602590603,5.0
65.58490954992051,52.49029226015212,5.0
65.63865825863476,52.50757079905597,5.0
65.69240660127416,52.52486306381421,5.0
65.74614964876135,52.542167529094684,5.0
65.79988497891144,52.55948347199497,5.0
65.8536106525772,52.576810322586844,5.0
65.90733170178555,52.594149760494595,5.0
65.9610474201885,52.61150161714653,5.0
66.01475635226547,52.62886548073368,5.0
66.06846227573374,52.646242632375234,5.0
66.12216421675524,52.66363281857845,5.0
66.17586095896296,52.68103570587915,5.0
66.22955335205145,52.69845162999773,5.0
66.28324203426355,52.71588085920114,5.0
66.33692636358681,52.733323246309446,5.0
66.39060741337266,52.75077920169833,5.0
66.44428481222549,52.768248666618,5.0
66.49795830099693,52.785731618387416,5.0
66.55162763677744,52.80322803915364,5.0
66.60529278421099,52.82073797841344,5.0
66.65895515618024,52.83826195892137,5.0
66.71261378504317,52.85579972636163,5.0
66.76626532756042,52.873350247320076,5.0
66.81991646709452,52.89091576884428,5.0
66.87356805972495,52.90849663588528,5.0
66.92721353275377,52.92609075588874,5.0
66.98084625675568,52.943696007940495,5.0
67.03447047508838,52.96131383650604,5.0
67.08809443799669,52.978947010088646,5.0
67.14170602305265,52.996591597730145,5.0
67.19530994743332,53.01424920235864,5.0
67.24891334235123,53.03192222949878,5.0
67.30250934342439,53.04960847195922,5.0
67.35609730264562,53.06730776678664,5.0
67.40968443149441,53.085022549767764,5.0
67.4632682378843,53.10275205293115,5.0
67.51684785480415,53.12049604257415,5.0
67.5704357658136,53.13825871200493,5.0
67.62402185736383,53.15603676856125,5.0
67.6775900890317,53.17382493387357,5.0
67.7311542676019,53.19162783366553,5.0
67.78470548853636,53.209442551110875,5.0
67.83822392846956,53.227262516225,5.0
67.89172795641157,53.245093867810546,5.0
67.94522639341918,53.26293958338456,5.0
67.99872968204771,53.280803194720264,5.0
68.05225418392018,53.298690228280485,5.0
68.10577893868746,53.316593739416675,5.0
68.1592941859821,53.33451050379806,5.0
68.2128129990491,53.35244493969778,5.0
68.26633436674702,53.37039675619936,5.0
68.31985363133668,53.38836443459306,5.0
68.37336744941096,53.406346890212056,5.0
68.42687530641953,53.42434398472757,5.0
68.4803776072214,53.44235588799303,5.0
68.53387236134161,53.46038196178984,5.0
68.5873692983087,53.478425520630296,5.0
68.64087080106248,53.49648741091541,5.0
68.69437625285285,53.51456746761535,5.0
68.74787902103384,53.53266348735756,5.0
68.8013639677462,53.55077037368054,5.0
68.85484335222071,53.56889229790376,5.0
68.9083198015105,53.58703017972949,5.0
68.96179028370797,53.60518301943631,5.0
69.0152626866001,53.623353525695336,5.0
69.06872955374067,53.64153919502105,5.0
69.12219789114161,53.659742439548104,5.0
69.17566427310145,53.677962123409394,5.0
69.22912115904727,53.69619569950823,5.0
69.28257350759603,53.71444487875397,5.0
69.33600780346863,53.73270505976948,5.0
69.38941947005094,53.75097467844578,5.0
69.44280669723194,53.76925310990424,5.0
69.49615680558324,53.78753599635953,5.0
69.54949515772694,53.80583201937326,5.0
69.6028394724971,53.8241472725148,5.0
69.65616971766065,53.84247489045177,5.0
69.70950549661086,53.86082162053336,5.0
69.76284948058976,53.87918840448788,5.0
69.81618492183358,53.89756948781897,5.0
69.8695125133642,53.91596510893671,5.0
69.9228474895969,53.93438053094544,5.0
69.97616710453792,53.95280790106272,5.0
70.02946742309699,53.9712458410382,5.0
70.08275528613262,53.989696698686714,5.0
70.13601457906115,54.00815486766232,5.0
70.1892659804567,54.026627488622914,5.0
70.24253008476066,54.04512170406836,5.0
70.29577846259198,54.063627633919,5.0
70.3490078336749,54.08214410680025,5.0
70.40227374374247,54.10069044495368,5.0
70.45555170100315,54.119258138457106,5.0
70.50883486225084,54.13784479807114,5.0
70.56211986746295,54.156449238549705,5.0
70.61541693301517,54.17507501634974,5.0
70.66872461379903,54.193721619245416,5.0
70.72202330020123,54.212382165527835,5.0
70.77535064854943,54.23106982633627,5.0
70.82867129590028,54.24977219598337,5.0
70.88195577438073,54.26847888215828,5.0
70.9352055626002,54.2871903279834,5.0
70.98841532324018,54.305904577989565,5.0
71.0416153887927,54.324632234487275,5.0
71.09482933742073,54.343381563879944,5.0
71.1480191249665,54.36213911711516,5.0
71.20118498106591,54.38090490530157,5.0
71.2543462993496,54.399685714273105,5.0
71.30751175765423,54.41848456626097,5.0
71.36068859348546,54.437303984958966,5.0
71.41387635614532,54.45614377808317,5.0
71.46708714660164,54.47500820461682,5.0
71.52029410776788,54.49388770506024,5.0
71.57349564375488,54.51278165619911,5.0
71.62669459250033,54.53169100830947,5.0
71.67988899426274,54.55061500655011,5.0
71.733069664858,54.56955031734049,5.0
71.78623589640841,54.58849661531176,5.0
71.83940393956551,54.607459626505786,5.0
71.89256691789245,54.626436837908436,5.0
71.94571551804823,54.645424853938955,5.0
71.9988598654035,54.66442722058529,5.0
72.05200931509555,54.683447222138604,5.0
72.10516110511568,54.70248381251118,5.0
72.15831000428089,54.72153505500467,5.0
72.21144919779178,54.740598436004916,5.0
72.26458303876483,54.7596754444612,5.0
72.31771308631421,54.77876657026511,5.0
72.37083541171866,54.797870330154055,5.0
72.4239522734184,54.81698746342584,5.0
72.47706545301119,54.836118540360964,5.0
72.53017264751546,54.85526265994651,5.0
72.58327265731933,54.87441931613993,5.0
72.63636789031973,54.89358930448157,5.0
72.68945974704229,54.91277305946315,5.0
72.74254853701713,54.93197062245802,5.0
72.7956328325891,54.95118140609698,5.0
72.84871170388142,54.97040500122702,5.0
72.901782862867,54.989640504685084,5.0
72.95484533680272,55.00888748763898,5.0
73.00790165459647,55.02814679219442,5.0
73.06095239559507,55.04741855526115,5.0
73.11399614330263,55.06670218849824,5.0
73.16703692247839,55.0859990827852,5.0
73.22007408437928,55.1053089319732,5.0
73.27310870667995,55.12463205846733,5.0
73.32614291584973,55.14396916905522,5.0
73.37917342489614,55.1633189967854,5.0
73.43220028541229,55.18268149031997,5.0
73.48522162860792,55.20205589635532,5.0
73.53823870048141,55.221442598852505,5.0
73.59125463191238,55.24084267382525,5.0
73.64426937332166,55.260256036006076,5.0
73.69728126397206,55.27968200923913,5.0
73.75028761229902,55.29911953712396,5.0
73.80328310274247,55.31856659650562,5.0
73.8562685254888,55.33802340138812,5.0
73.90924673041255,55.35749092473025,5.0
73.96221968123564,55.376969817338946,5.0
74.01519022994748,55.396461060134044,5.0
74.06815387292716,55.41596292773243,5.0
74.12111000000078,55.43547512523351,5.0
74.17405987037763,55.45499804725533,5.0
74.2270154764358,55.474536053220184,5.0
74.27996382349957,55.494084286700875,5.0
74.33290299382621,55.51364197061329,5.0
74.38585161398755,55.53321592626057,5.0
74.43879983029986,55.55280245564702,5.0
74.49174140051153,55.57239918700122,5.0
74.54467354711758,55.592005025790094,5.0
74.59759744057494,55.6116203388917,5.0
74.65051708809816,55.63124654791158,5.0
74.70343374551452,55.65088405795564,5.0
74.7563479683455,55.67053301586096,5.0
74.8092587913811,55.690193004111336,5.0
74.86216946326715,55.709865172131295,5.0
74.915078604603,55.729548950703126,5.0
74.96798151071431,55.74924253060492,5.0
75.02088574790781,55.76894867115205,5.0
75.07378744084741,55.78866587369306,5.0
75.12668045873826,55.80839179346282,5.0
75.1795669182717,55.82812715861729,5.0
75.23244947415456,55.847872900953526,5.0
75.28532774275659,55.86762881970377,5.0
75.33820082090702,55.88739451942672,5.0
75.39107258020026,55.90717139098081,5.0
75.44394455339905,55.926959953974134,5.0
75.49681270160343,55.94675864199126,5.0
75.54967413976166,55.966566316863926,5.0
75.60252891189894,55.986382936084055,5.0
75.65537932632165,56.00620930725711,5.0
75.70822455228938,56.026045061778994,5.0
75.76106570799514,56.04589056239227,5.0
75.81390538014139,56.065746725304294,5.0
75.86674395001646,56.08561363991956,5.0
75.91958433100298,56.105492349009964,5.0
75.97242716974762,56.12538304497971,5.0
76.02526667126418,56.14528349335933,5.0
76.07811094268978,56.165196695621376,5.0
76.13095026080491,56.18511893559337,5.0
76.18377163577334,56.20504525419419,5.0
76.23658682242014,56.22498002461362,5.0
76.28939550653519,56.24492307236755,5.0
76.34219604419276,56.26487372057799,5.0
76.39499032699196,56.28483262881726,5.0
76.44777970691682,56.30480025514833,5.0
76.50056346611959,56.32477627615376,5.0
76.55334388008912,56.34476150263211,5.0
76.60611795651565,56.364754751953576,5.0
76.65887530822901,56.384752035071614,5.0
76.71163499440604,56.40476052680317,5.0
76.76438578902372,56.424775924749085,5.0
76.81712246656414,56.44479619555044,5.0
76.86988503757867,56.46483649255996,5.0
76.92263872792903,56.48488357530787,5.0
76.97537940685972,56.50493582733566,5.0
77.02812240000172,56.5249990346306,5.0
77.08085654744853,56.54506891366674,5.0
77.1336074586894,56.56515517948131,5.0
77.18635237139166,56.58524913545076,5.0
77.23909550615662,56.60535235405404,5.0
77.29185796370739,56.625472853450916,5.0
77.3446113985486,56.64559979808519,5.0
77.39734593348284,56.66572937993375,5.0
77.45006490207379,56.685862830592605,5.0
77.50278226630395,56.70600544884295,5.0
77.55549367325257,56.72615554288085,5.0
77.6081876567357,56.746308695874234,5.0
77.66088701145237,56.76647359739132,5.0
77.71359376446796,56.78665100485803,5.0
77.76630637320828,56.806840310428925,5.0
77.81901922657366,56.82703934599493,5.0
77.87173395187712,56.84724871524264,5.0
77.92445956078551,56.86747185787425,5.0
77.97717256985344,56.88769974694743,5.0
78.02987554500167,56.9079333399802,5.0
78.08258080505156,56.928177345551646,5.0
78.1352832188024,56.948429774924605,5.0
78.18798265360527,56.96869055782517,5.0
78.24067665689056,56.98895873149568,5.0
78.29337061519782,57.00923634934644,5.0
78.3460665623218,57.029524178779766,5.0
78.39875222634419,57.04981747638329,5.0
78.4514252262207,57.070115301370386,5.0
78.50409314822029,57.09042055589719,5.0
78.55676010335596,57.110734808326775,5.0
78.60941626138433,57.1310542488673,5.0
78.66206352686967,57.15137959178713,5.0
78.71471865571735,57.17171729269924,5.0
78.76736714274871,57.19206173707535,5.0
78.8200080528283,57.21241254632277,5.0
78.87264651053079,57.2327716865606,5.0
78.92528217527574,57.253139013012046,5.0
78.97792264541427,57.27351745596981,5.0
79.03055914961003,57.29390360994514,5.0
79.08319078618372,57.314297112570785,5.0
79.13582265275032,57.33469992786341,5.0
79.18845568531871,57.35511240983751,5.0
79.24108747810246,57.375533616418586,5.0
79.29371767058704,57.395963397742484,5.0
79.3463447760837,57.416401166243624,5.0
79.3989668632738,57.43684616026234,5.0
79.45158535679496,57.457298921310176,5.0
79.50419857736121,57.477758784487705,5.0
79.55680478204506,57.49822505853771,5.0
79.60940436583016,57.51869788288787,5.0
79.66200564445569,57.53918048265437,5.0
79.7146031337411,57.55967071120456,5.0
79.76719042425404,57.580166056320564,5.0
79.81978096419772,57.600671745650544,5.0
79.87236975091794,57.621185817362516,5.0
79.9249551714523,57.6417076282534,5.0
79.97753009931331,57.662234379502735,5.0
80.03009553817364,57.68276644265651,5.0
80.08266361781766,57.70330853900759,5.0
80.13523056286515,57.723859178747894,5.0
80.18779291993852,57.74441699418989,5.0
80.24035099458864,57.764982085355236,5.0
80.29290786730583,57.78555563854778,5.0
80.3454634413457,57.806137597005176,5.0
80.39800579535374,57.82672326844006,5.0
80.45054277960962,57.84731570283009,5.0
80.50308369406608,57.86791852456219,5.0
80.55561549524117,57.888526596091964,5.0
80.60814237170116,57.90914153415989,5.0
80.66066939948288,57.92976530668665,5.0
80.71319287458901,57.9503964349851,5.0
80.76571217995387,57.97103465011388,5.0
80.81823660875544,57.991683579745406,5.0
80.87077385220427,58.012346228120514,5.0
80.92330924600526,58.0330168055879,5.0
80.9758366032431,58.05369284850404,5.0
81.02836520494486,58.074377981390676,5.0
81.0808924131192,58.095071138417474,5.0
81.13341665727843,58.115771672479106,5.0
81.18593830024624,58.13647969751433,5.0
81.23845552322528,58.15719446687511,5.0
81.29096586453807,58.17791497851327,5.0
81.34347273778714,58.198642549006394,5.0
81.39597488285983,58.219376651232956,5.0
81.44847591716439,58.24011868500032,5.0
81.50097779572387,58.26086939610078,5.0
81.55347493989665,58.28162655199674,5.0
81.60596721293342,58.30239006945086,5.0
81.65845655024906,58.32316068588137,5.0
81.71094368732886,58.34393866541921,5.0
81.76342750926855,58.36472354011661,5.0
81.81590636991133,58.38551463107704,5.0
81.86837307724733,58.40630905972799,5.0
81.92082970740617,58.427107618590064,5.0
81.97329296250226,58.44791690611626,5.0
82.0257571485154,58.46873464414643,5.0
82.07821990796671,58.489559875508,5.0
82.13068383778396,58.51039361017668,5.0
82.18314034940589,58.53123241540959,5.0
82.23559967789826,58.5520803361887,5.0
82.28805695635566,58.572935419827026,5.0
82.34051180483658,58.5937974956637,5.0
82.39296592652731,58.614667222815626,5.0
82.44540837370707,58.63554022506648,5.0
82.49784476236323,58.65641871638143,5.0
82.55027223619554,58.67730153984705,5.0
82.60268466609327,58.69818623251829,5.0
82.65509297235998,58.719077126404144,5.0
82.7075092746474,58.73997904104008,5.0
82.7599244256463,58.760888318811226,5.0
82.8123407105494,58.781805859897,5.0
82.8647585952538,58.802731840433225,5.0
82.91717340890428,58.82366438523961,5.0
82.96959530627373,58.84460754152781,5.0
83.0220233313584,58.865560922565244,5.0
83.07445395498787,58.8865231121809,5.0
83.12688088434899,58.907491586354986,5.0
83.17929921739159,58.928464373296414,5.0
83.23171334885964,58.94944322045174,5.0
83.28412429694858,58.970428526440955,5.0
83.33653035922521,58.99141960082095,5.0
83.3889332933121,59.0124171390718,5.0
83.44133384532701,59.03342143278876,5.0
83.49372791402101,59.05443082983234,5.0
83.54611791495206,59.075446290379574,5.0
83.59850596357771,59.09646865628042,5.0
83.65089179803384,59.1174978164731,5.0
83.70327400957959,59.13853319918744,5.0
83.75565351403338,59.1595751659269,5.0
83.80803137105198,59.1806241369666,5.0
83.8604056336192,59.201679324335075,5.0
83.9127772102843,59.22274108748215,5.0
83.96514784398012,59.24381012254368,5.0
84.01751576495195,59.26488571292249,5.0
84.06988011340727,59.285967507114506,5.0
84.12224187197344,59.307055895210965,5.0
84.1746013867172,59.328151011633956,5.0
84.22695757187776,59.349252413710744,5.0
84.27931203970898,59.37036074613512,5.0
84.33166352523716,59.391475493834264,5.0
84.38401120458954,59.4125963189529,5.0
84.43635420695661,59.43372286392993,5.0
84.4886916470342,59.454854764653376,5.0
84.54102558916142,59.47599284798912,5.0
84.5933573309088,59.49713763213237,5.0
84.64568804903544,59.51828958726248,5.0
84.69801672951728,59.53944829805235,5.0
84.75034374997504,59.5606139115017,5.0
84.80266916568499,59.58178644416138,5.0
84.85499303694424,59.60296591460616,5.0
84.90731506326742,59.62415219513035,5.0
84.95963400359093,59.64534477660033,5.0
85.01195001301608,59.66654371494046,5.0
85.06426370903704,59.6877492537535,5.0
85.11657519504496,59.70896142827116,5.0
85.16888413375443,59.73018009499761,5.0
85.2211908386087,59.75140537446082,5.0
85.27349681288487,59.772637870413924,5.0
85.32580189417656,59.79387751089007,5.0
85.3781032429179,59.81512313602243,5.0
85.43039992481391,59.83637435818993,5.0
85.48268945686686,59.857630159193526,5.0
85.53497515264401,59.87889187684301,5.0
85.58726162581338,59.900161379953865,5.0
85.6395470269313,59.921437909468466,5.0
85.69182918731863,59.94272057481061,5.0
85.74410779031206,59.96400923805739,5.0
85.79638286438094,59.98530390143656,5.0
85.8486549967609,60.00660479468594,5.0
85.9009254919101,60.02791244012396,5.0
85.95319448574398,60.049226884049354,5.0
86.0054617953167,60.0705480424939,5.0
86.05772476211402,60.091874820580315,5.0
86.10998482732967,60.1132077955789,5.0
86.16224451186574,60.134547986469826,5.0
86.21450270082123,60.1558949281678,5.0
86.2667589209454,60.17724841695886,5.0
86.31901323192086,60.19860846661656,5.0
86.37126575175445,60.21997511467716,5.0
86.42351591031571,60.241348117344494,5.0
86.47576504662744,60.26272801176288,5.0
86.52801398424351,60.2841151250351,5.0
86.58025737249301,60.30550725562676,5.0
86.63249515027485,60.32690436584424,5.0
86.68473010848659,60.348307587243674,5.0
86.73696168301304,60.36971667781555,5.0
86.78919264217977,60.39113276223053,5.0
86.8414249715614,60.41255664625039,5.0
86.89365358415783,60.43398623435929,5.0
86.9458774579893,60.45542109670977,5.0
86.99809687290129,60.476861337907685,5.0
87.0503066367585,60.49830481481524,5.0
87.10250991410575,60.51975281570587,5.0
87.1547128792846,60.54120786895539,5.0
87.20691353722486,60.5626691478672,5.0
87.25910709761533,60.58413467475526,5.0
87.31129761913996,60.60560611089418,5.0
87.36348835790452,60.62708479048506,5.0
87.41568566705119,60.64857332585763,5.0
87.46788323436176,60.670069116767145,5.0
87.52008028744055,60.69157184181069,5.0
87.5722694444273,60.71307845504156,5.0
87.62445094378468,60.73458904788926,5.0
87.67663623157817,60.75610833582384,5.0
87.72882160777101,60.77763479261962,5.0
87.78100509568979,60.799167601220475,5.0
87.83319089092628,60.82070849209427,5.0
87.88537621561984,60.842256318673286,5.0
87.93755653980308,60.86380920866322,5.0
87.98973312785859,60.88536768182807,5.0
88.04190522701317,60.9069314250868,5.0
88.09407262757242,60.92850034960091,5.0
88.14623934276328,60.95007611389734,5.0
88.19840591590064,60.97165894345291,5.0
88.2505705673561,60.993248102625735,5.0
88.30273182272464,61.01484298117748,5.0
88.35488956854884,61.03644353197217,5.0
88.40704392639255,61.05804980547998,5.0
88.45919566732124,61.07966212186599,5.0
88.51134214437357,61.10127938476668,5.0
88.56348723605771,61.12290320325704,5.0
88.61563200488855,61.14453402110824,5.0
88.6677702391146,61.166169263615366,5.0
88.71990159548157,61.18780878910427,5.0
88.77202705856074,61.209453007704724,5.0
88.82414947718875,61.23110310538819,5.0
88.87627938405643,61.25276346439543,5.0
88.92840538060439,61.274429356304175,5.0
88.98051691420835,61.296096396893404,5.0
89.03262579693026,61.317769500446744,5.0
89.08473265399232,61.33944893403036,5.0
89.13683844670227,61.36113510562211,5.0
89.18894546842652,61.38282897919519,5.0
89.24105418515556,61.40453075957622,5.0
89.29315931869371,61.426238258542696,5.0
89.34525747043259,61.44795006820505,5.0
89.39735262437435,61.469667857545716,5.0
89.4494492718967,61.491393510469486,5.0
89.5015471653434,61.51312693683036,5.0
89.55364651079546,61.53486823605301,5.0
89.60574726227888,61.55661740283885,5.0
89.65784488651207,61.57837255765735,5.0
89.70993609440902,61.600132337879074,5.0
89.76202345491149,61.621897827218966,5.0
89.81411010093578,61.643670347402164,5.0
89.86619417423434,61.665449134700665,5.0
89.91827388235812,61.6872334516289,5.0
89.97035018441163,61.70902371120709,5.0
90.02242304188144,61.73081990902172,5.0
90.07449150955067,61.752621661176725,5.0
90.12655857359071,61.77443022993082,5.0
90.17862016066913,61.79624392074329,5.0
90.23067745547505,61.818063240631474,5.0
90.2827335075798,61.83988947925112,5.0
90.33478520674116,61.86172134382335,5.0
90.38683161937935,61.88355845264874,5.0
90.43887364578929,61.9054011930401,5.0
90.4909138901566,61.92725066831914,5.0
90.5429530932758,61.949107200393776,5.0
90.59498881101422,61.97096977292504,5.0
90.64702311570993,61.99283926640823,5.0
90.69905545586815,62.01471545898903,5.0
90.75108824905935,62.03659937735119,5.0
90.80311872658775,62.058489866833206,5.0
90.85514464327571,62.080385991141675,5.0
90.9071674990118,62.10228838941248,5.0
90.95919047842366,62.12419841152587,5.0
91.01121434204704,62.146116387784296,5.0
91.06323546230314,62.16804079890669,5.0
91.11525495494068,62.189972123566655,5.0
91.1672695655033,62.211908997268324,5.0
91.21927875970678,62.233851201315844,5.0
91.27128342198635,62.255799115676105,5.0
91.32328479065183,62.27775327054007,5.0
91.37528306262377,62.29971375713262,5.0
91.42727700233863,62.32168006165971,5.0
91.47926703520942,62.34365237154321,5.0
91.53125564492464,62.365631745454166,5.0
91.5832421884262,62.387617921040444,5.0
91.63522746898195,62.409611247854365,5.0
91.68721092159934,62.43161149685154,5.0
91.73919218424699,62.45361852464594,5.0
91.7911731343916,62.475633136361985,5.0
91.84315532278073,62.49765600015357,5.0
91.8951339878457,62.51968510935856,5.0
91.94710638290114,62.541719308178656,5.0
91.999074680024,62.56375952539995,5.0
92.0510399031754,62.585806203899935,5.0
92.103002072115,62.60785936088248,5.0
92.15496483363523,62.629920553646556,5.0
92.20693121483511,62.65199107865109,5.0
92.25889419554403,62.67406796409797,5.0
92.31084161015278,62.69614604518851,5.0
92.3627800416262,62.718228121369826,5.0
92.41471305603882,62.74031571287365,5.0
92.46665122083256,62.76241332197538,5.0
92.51858900139158,62.78451860252273,5.0
92.57051696300437,62.80662754283159,5.0
92.62243702012077,62.82874095876789,5.0
92.67434670636278,62.850857799961275,5.0
92.72625982260186,62.8729839492005,5.0
92.77816935194595,62.895116419831524,5.0
92.83006544188011,62.917251009547535,5.0
92.88195219099791,62.93938946245084,5.0
92.93383873011616,62.96153567373795,5.0
92.98573630927216,62.98369444990267,5.0
93.03764181611355,63.005864468646024,5.0
93.0895500557487,63.028043514717055,5.0
93.14145941236274,63.050230898804564,5.0
93.19336876970664,63.07242614365479,5.0
93.24527678926542,63.09462867573635,5.0
93.29718071496883,63.116837313503225,5.0
93.34908384901573,63.139053467325425,5.0
93.40098662688897,63.161277321867566,5.0
93.45288360237227,63.18350654181452,5.0
93.50477092206297,63.20573947046508,5.0
93.55665431767973,63.22797855844825,5.0
93.6085356737874,63.250224610761784,5.0
93.66041418750042,63.2724772807832,5.0
93.71228693396775,63.294735310673936,5.0
93.76415433192348,63.31699887622762,5.0
93.81602294844448,63.33927079490759,5.0
93.86788890567234,63.36154940141639,5.0
93.9197497594879,63.38383364391612,5.0
93.97160777668934,63.40612449476278,5.0
94.02346332237818,63.42842211032328,5.0
94.07531676440256,63.45072664872075,5.0
94.12716683687184,63.47303756541127,5.0
94.1790170509342,63.49535637209824,5.0
94.23086636934366,63.51768262433494,5.0
94.28271476268232,63.540016311219105,5.0
94.3345619264798,63.562357303632396,5.0
94.3864055735876,63.58470461736835,5.0
94.43824468686462,63.607057814394516,5.0
94.49007945844772,63.62941697767776,5.0
94.5419117016705,63.65178289039384,5.0
94.59374076841424,63.674155274269026,5.0
94.64556663862817,63.69653412179658,5.0
94.69738914292928,63.71891936093389,5.0
94.74920742514583,63.74131062255726,5.0
94.80102118595683,63.763707777640874,5.0
94.85283163878644,63.786111351046635,5.0
94.90463683783254,63.80852050140657,5.0
94.95643786733419,63.830935697264124,5.0
95.00823480998652,63.853356973988966,5.0
95.06002775074634,63.87578436779298,5.0
95.11182228352982,63.898220301748175,5.0
95.16361894228777,63.92066500937991,5.0
95.21540998133217,63.94311513409349,5.0
95.26719310624803,63.965569677838836,5.0
95.31897300597826,63.9880306706275,5.0
95.37074968945132,64.01049811408934,5.0
95.4225305638557,64.03297522201507,5.0
95.47431666477453,64.05546244547206,5.0
95.5261007944803,64.07795665834936,5.0
95.57788072222483,64.10045688769057,5.0
95.62965032353978,64.12296046534061,5.0
95.68141163685993,64.14546826878103,5.0
95.73317098739503,64.16798304177968,5.0
95.7849310772807,64.19050595518513,5.0
95.8366908617161,64.21303654972877,5.0
95.88844088719952,64.23557070199092,5.0
95.9401755552374,64.25810596069711,5.0
95.9918985728004,64.280643925869,5.0
96.04361534585067,64.30318694047415,5.0
96.09533985629348,64.32574109160404,5.0
96.14707552930346,64.34830786966671,5.0
96.19880767406497,64.37088085953674,5.0
96.25053156950449,64.39345798780427,5.0
96.30224892263811,64.41603998463049,5.0
96.35397163105974,64.4386320335804,5.0
96.40569527433996,64.46123219385197,5.0
96.45741847259697,64.48383985055042,5.0
96.50913888777683,64.50645396794708,5.0
96.56085793931146,64.52907515244385,5.0
96.61257391226339,64.55170263898476,5.0
96.66428379324394,64.5743350926959,5.0
96.71599577315773,64.59697608328004,5.0
96.76770813030242,64.6196248431266,5.0
96.81941700085787,64.6422796644203,5.0
96.87112153093209,64.66494015601528,5.0
96.9228230444778,64.68760688126083,5.0
96.97452230767557,64.710280159681,5.0
97.02621942326087,64.73296002023298,5.0
97.07791129644102,64.75564508828892,5.0
97.12959857701998,64.77833563137341,5.0
97.18128541996738,64.80103345770169,5.0
97.23296974451678,64.82373763845348,5.0
97.28464859671017,64.84644685969842,5.0
97.33632608848484,64.86916291261302,5.0
97.38800295133682,64.89188610492842,5.0
97.43967592441078,64.91461498842385,5.0
97.49134342196466,64.93734885032578,5.0
97.54300755197463,64.96008860335779,5.0
97.5946687979127,64.98283444688724,5.0
97.64632930376895,65.00558731253038,5.0
97.69798907823512,65.02834719306489,5.0
97.74963777983355,65.05110951865862,5.0
97.80128061670779,65.07387657003162,5.0
97.85292520329604,65.0966516937465,5.0
97.90456972087243,65.11943407966366,5.0
97.95621053421267,65.14222211500402,5.0
98.00784741417702,65.165015688979,5.0
98.05947953350552,65.18781442701548,5.0
98.1111123382298,65.21062072632351,5.0
98.16275498979988,65.23343863077113,5.0
98.21439039566214,65.25626058377061,5.0
98.26601010561666,65.27908283916419,5.0
98.31763105201544,65.30191287493,5.0
98.36926089128154,65.32475407660608,5.0
98.42088411816914,65.34759958236968,5.0
98.47249803861801,65.37044819289275,5.0
98.52410777009354,65.39330216794954,5.0
98.57571305195731,65.41616138822837,5.0
98.6273166376515,65.4390270708818,5.0
98.67892353142493,65.46190143337948,5.0
98.73052636892912,65.48478121166016,5.0
98.78212323372516,65.50766555370662,5.0
98.83372182938692,65.53055787634494,5.0
98.88532048567139,65.55345744069771,5.0
98.93691730860331,65.57636340796863,5.0
98.9885068018122,65.5992733380561,5.0
99.04009026674794,65.62218780819383,5.0
99.09166858154504,65.64510720876964,5.0
99.14324938627996,65.66803493785872,5.0
99.19482941710085,65.69096954957887,5.0
99.24640033672912,65.71390733861313,5.0
99.2979696048558,65.7368516247535,5.0
99.34954271125784,65.759804856517,5.0
99.40111442133181,65.78276471053962,5.0
99.45268287456011,65.80573036296187,5.0
99.50425102105234,65.82870313256181,5.0
99.55581677443332,65.85168209537477,5.0
99.60737841722931,65.87466649041279,5.0
99.65893484775872,65.89765583029977,5.0
99.71048593033403,65.92065005784605,5.0
99.76203431648433,65.9436503596522,5.0
99.81357744718277,65.96665559770943,5.0
99.86511610984829,65.98966612683395,5.0
99.91665148263057,66.01268247657875,5.0
99.96818621683204,66.03570583570064,5.0
100.0197211128779,66.05873656701377,5.0
100.07125412808018,66.08177376258813,5.0
100.1227850576644,66.10481733488727,5.0
100.17431311397027,66.12786693545732,5.0
100.22584035597639,66.15092348919288,5.0
100.27736487746611,66.17398614698921,5.0
100.32888629758403,66.19705474147197,5.0
100.38040508092281,66.22012948379053,5.0
100.43192149214266,66.2432104957583,5.0
100.48343473971734,66.26629742576019,5.0
100.53494540104555,66.28939053575853,5.0
100.58645323278536,66.3124897198202,5.0
100.6379591001001,66.33559536953646,5.0
100.68946081195813,66.35870650517205,5.0
100.74095659519075,66.38182233320428,5.0
100.79244970481018,66.40494431750659,5.0
100.84394161281816,66.42807312358394,5.0
100.89542816840118,66.45120689079208,5.0
100.94690991440035,66.47434586602144,5.0
100.99838842917104,66.4974907625452,5.0
101.04986713758451,66.52064312575526,5.0
101.1013439483044,66.54380202137624,5.0
101.15281931969439,66.56696766153387,5.0
101.20429230248823,66.59013962518412,5.0
101.25576399907735,66.61331841486495,5.0
101.3072330167777,66.63650340998414,5.0
101.35869851977786,66.65969423996751,5.0
101.41016121915423,66.6828912313421,5.0
101.46162316417603,66.70609531479268,5.0
101.5130853581733,66.72930695080375,5.0
101.56454571044307,66.75252520424903,5.0
101.61600314634038,66.7757495971517,5.0
101.66745589610755,66.79897933693634,5.0
101.71890831556968,66.822216396787,5.0
101.770359612697,66.8454604265273,5.0
101.82180323897431,66.86870847319001,5.0
101.87324098258965,66.89196134869212,5.0
101.92467666721606,66.91522078657461,5.0
101.97610844883012,66.9384859582924,5.0
102.02753617747621,66.96175680040216,5.0
102.07896056432539,66.98503363883525,5.0
102.13038233609252,67.00831680661473,5.0
102.18180078452679,67.03160598665579,5.0
102.23321533728885,67.05490092243389,5.0
102.28462666995624,67.0782019222102,5.0
102.33603421282622,67.10150872936688,5.0
102.38743655385015,67.12482070410917,5.0
102.43884185148393,67.14814154815174,5.0
102.4902433015233,67.17146817593604,5.0
102.54163242888508,67.1947967376637,5.0
102.59301610087822,67.21813034579966,5.0
102.6443965189301,67.24146999693254,5.0
102.6957808653359,67.26481895249297,5.0
102.74716848697781,67.28817691565109,5.0
102.79854712766047,67.31153831088625,5.0
102.84991757284213,67.33490348681299,5.0
102.9012889660923,67.35827659578771,5.0
102.95265910037021,67.38165662844156,5.0
103.00403020527152,67.4050445936534,5.0
103.05540722405976,67.4284427374042,5.0
103.1067844660255,67.45184846254132,5.0
103.15815675847504,67.47525940331352,5.0
103.20952666420938,67.49867671695078,5.0
103.26089173102751,67.52209927427646,5.0
103.31224973929359,67.54552604990214,5.0
103.36360117491733,67.56895725102997,5.0
103.41494751595539,67.59239353764332,5.0
103.46629650131673,67.61583842952415,5.0
103.51763247825123,67.63928476450052,5.0
103.56895202779639,67.66273095976926,5.0
103.62026880145368,67.68618323310439,5.0
103.67158937844877,67.70964457733642,5.0
103.72291630307328,67.7331161435993,5.0
103.77424360574307,67.75659518855002,5.0
103.82556998244618,67.78008109975646,5.0
103.87689770208989,67.80357489932902,5.0
103.92822585607942,67.82707615530232,5.0
103.97955293432567,67.85058415931326,5.0
104.03088063917613,67.87409967389748,5.0
104.08220511212917,67.89762091333733,5.0
104.13352486509821,67.92114717622438,5.0
104.18484077028401,67.94467884287661,5.0
104.23615169303255,67.96821537347165,5.0
104.28745969462608,67.99175769448097,5.0
104.3387646586376,68.01530573432748,5.0
104.3900661711058,68.03885928494454,5.0
104.44136408934762,68.06241826307938,5.0
104.49265974590755,68.0859832636874,5.0
104.54395895320408,68.10955694251649,5.0
104.59525356894291,68.13313554339793,5.0
104.64653463556898,68.15671493008868,5.0
104.69780706780783,68.1802973433069,5.0
104.74907860077286,68.20388632591622,5.0
104.80035202141848,68.22748314898656,5.0
104.85162389136151,68.25108621953315,5.0
104.90289037868487,68.27469376178162,5.0
104.95416006582774,68.29830971819034,5.0
105.00543582801379,68.32193540762758,5.0
105.05670870291861,68.3455666942772,5.0
105.10797581080232,68.36920224222445,5.0
105.15923730945403,68.39284211575725,5.0
105.210492777544,68.41648611302034,5.0
105.2617379742916,68.44013226991946,5.0
105.31297230975002,68.46378030603351,5.0
105.36420542717724,68.48743466764424,5.0
105.41544685576837,68.5110997558762,5.0
105.46668989145729,68.53477247785987,5.0
105.51792304762412,68.55844752642932,5.0
105.56915063066036,68.58212688995998,5.0
105.62037976527178,68.60581386425565,5.0
105.67161490181985,68.62951051366792,5.0
105.72286271235646,68.65321993469742,5.0
105.77411774525072,68.6769396171744,5.0
105.82536476107154,68.70066251588327,5.0
105.8766054193313,68.72438940346952,5.0
105.92783761398293,68.74811931007524,5.0
105.97905896368044,68.77185113763692,5.0
106.03029217917128,68.79559541998712,5.0
106.08152866590707,68.81934819039624,5.0
106.13273866689373,68.84309566054635,5.0
106.18392320709289,68.8668383055856,5.0
106.23509506914532,68.8905820596335,5.0
106.2862588784084,68.91432907939254,5.0
106.33742542407751,68.93808438836442,5.0
106.38860926075537,68.96185476780188,5.0
106.43979992637938,68.98563538522824,5.0
106.49097017931331,69.00941360223254,5.0
106.54213447872768,69.03319615186362,5.0
106.5933092523453,69.05699069399918,5.0
106.64448557642639,69.08079310622456,5.0
106.6956618725548,69.10460267920054,5.0
106.74683631544744,69.12841858842911,5.0
106.79800971954238,69.15224123813927,5.0
106.8491815298279,69.17607039602017,5.0
106.90035375904942,69.19990702645978,5.0
106.9515255202228,69.22375074442871,5.0
107.00269729760444,69.24760180407763,5.0
107.05387055611652,69.27146091787144,5.0
107.10503733607828,69.29532440287959,5.0
107.15619926245256,69.31919304345814,5.0
107.2073604983071,69.34306881042292,5.0
107.25851708211495,69.36694988400804,5.0
107.3096668711295,69.39083529112058,5.0
107.36081016301502,69.4147251974586,5.0
107.41194832926901,69.4386202708316,5.0
107.4630841409207,69.46252183431932,5.0
107.51421722286409,69.48642974148814,5.0
107.56534579621466,69.51034318875591,5.0
107.61647189986809,69.53426315796824,5.0
107.66759711852893,69.55819041944535,5.0
107.71871959712783,69.5821241338003,5.0
107.7698408528833,69.60606503977966,5.0
107.8209571657708,69.63001142286691,5.0
107.87206468733085,69.65396150545389,5.0
107.92317009508405,69.67791844270273,5.0
107.97427534380179,69.7018831790984,5.0
108.02537847278585,69.72585482329781,5.0
108.0764786745406,69.74983302358949,5.0
108.12757586163428,69.7738177656618,5.0
108.17866930715554,69.79780873465768,5.0
108.22976203843758,69.82180737923828,5.0
108.28085243151246,69.84581296388546,5.0
108.33193921221529,69.8698249164461,5.0
108.38302063907716,69.89384244386538,5.0
108.43409720961297,69.91786580543452,5.0
108.48516993719657,69.94189550354258,5.0
108.53624095937683,69.96593257110717,5.0
108.5873074624653,69.98997571076902,5.0
108.63837026800238,70.01402533579567,5.0
108.6894323061856,70.03808285415798,5.0
108.74049319840884,70.0621481164732,5.0
108.79155354235422,70.08622143359285,5.0
108.84261323333821,70.11030278576163,5.0
108.89366845341057,70.13439040080893,5.0
108.9447177313635,70.15848361120757,5.0
108.9957625774327,70.18258315644505,5.0
109.04680522152401,70.20669011755459,5.0
109.09784477946204,70.23080410573742,5.0
109.1488806604452,70.25492487012065,5.0
109.1999139059839,70.27905293154642,5.0
109.2509437323806,70.30318794827748,5.0
109.3019704682665,70.32733010434414,5.0
109.35299465085332,70.35147968312796,5.0
109.40401528396812,70.37563624208303,5.0
109.45503272534094,70.39979997954838,5.0
109.50604657965113,70.4239707371763,5.0
109.55705716264337,70.44814869371297,5.0
109.60806263704598,70.47233300688306,5.0
109.6590653960105,70.4965248403283,5.0
109.7100661086821,70.52072454172308,5.0
109.76106273818277,70.54493117438933,5.0
109.81205597287581,70.56914509451808,5.0
109.863046318117,70.59336657217345,5.0
109.91403204787017,70.61759481725869,5.0
109.96501438331421,70.64183043983162,5.0
110.01599551146535,70.6660745108965,5.0
110.0669728857632,70.69032585077882,5.0
110.11794286331984,70.71458275579722,5.0
110.16890706835241,70.73884602769527,5.0
110.21987131882001,70.76311846821233,5.0
110.27083669465836,70.78740062636129,5.0
110.32180346807527,70.81169266737403,5.0
110.3727683801786,70.83599307273771,5.0
110.42372538757311,70.86029899255554,5.0
110.47467637378475,70.88461135565744,5.0
110.52562292200396,70.90893094975728,5.0
110.57656424799771,70.93325743336347,5.0
110.62750087560343,70.95759109003257,5.0
110.67843250707028,70.98193181141072,5.0
110.72935555490632,71.00627791616304,5.0
110.78026646126544,71.03062773419136,5.0
110.83117243560054,71.05498474671596,5.0
110.88207682408097,71.07935059243289,5.0
110.93297865474715,71.10372484549313,5.0
110.98387456677668,71.12810593495274,5.0
111.03476818954275,71.15249563874679,5.0
111.08565956390348,71.1768940179375,5.0
111.1365570655455,71.20130513354091,5.0
111.18745745163078,71.2257274786853,5.0
111.2383637437141,71.25016255218982,5.0
111.28927137750095,71.27460821266892,5.0
111.34017215374541,71.29906056793247,5.0
111.39106054539137,71.3235170034072,5.0
111.44193524050863,71.34797692702064,5.0
111.4928060979313,71.37244512161139,5.0
111.54366966121734,71.39691997079223,5.0
111.59452584102966,71.42140147722164,5.0
111.64537302457927,71.4458889102821,5.0
111.69621753962724,71.47038536599585,5.0
111.74704847171033,71.4948856335478,5.0
111.79786804914606,71.51939083190345,5.0
111.84867641584611,71.54390107736508,5.0
111.89947601762873,71.56841759852784,5.0
111.95027951096755,71.59294655958914,5.0
112.00109077102346,71.61748989535377,5.0
112.05190953538542,71.64204754540052,5.0
112.10273099694054,71.6666172517869,5.0
112.15355264188358,71.6911978619791,5.0
112.2043680720785,71.71578634108874,5.0
112.25518597280137,71.74038695290834,5.0
112.30600233323409,71.76499781982268,5.0
112.35681620981136,71.78961854695896,5.0
112.40762444710157,71.81424766637778,5.0
112.45842643048911,71.83888493950846,5.0
112.50922067739913,71.86352970624623,5.0
112.56000824062811,71.88818253598907,5.0
112.61078920914309,71.91284353139253,5.0
112.66156220836083,71.93751208370226,5.0
112.71232914797336,71.96218917996605,5.0
112.76309214743775,71.98687591125291,5.0
112.81385223952914,72.01157284213095,5.0
112.8646082374484,72.03627945741883,5.0
112.91535989120615,72.06099569715408,5.0
112.96610811120671,72.08572206688284,5.0
113.01685129575897,72.11045784823997,5.0
113.06758638325029,72.13520160863592,5.0
113.11831501077319,72.15995420604027,5.0
113.16903713383645,72.18471567926166,5.0
113.2197556406969,72.2094875004857,5.0
113.27047086392544,72.23426989627905,5.0
113.32117977179546,72.25906144830425,5.0
113.37188257475701,72.28386232156596,5.0
113.42257827336009,72.3086720893576,5.0
113.47327049610003,72.33349259119696,5.0
113.52396346811821,72.35832596408143,5.0
113.57465690731452,72.38317214045324,5.0
113.62535010422533,72.40803084326622,5.0
113.67603945874116,72.43290037608867,5.0
113.72672220687174,72.45777944902683,5.0
113.77739563832445,72.48266679551531,5.0
113.82806045491265,72.5075628234985,5.0
113.87871717039715,72.53246784988805,5.0
113.92936147493295,72.55737981870352,5.0
113.979996195723,72.58230018336346,5.0
114.03062718574148,72.60723189224967,5.0
114.08125451133802,72.63217504957265,5.0
114.13187240321027,72.65712688194951,5.0
114.18248604053753,72.68209001179204,5.0
114.2330923890533,72.70706301369283,5.0
114.28369533678394,72.73204787831725,5.0
114.33429933912845,72.75704688270065,5.0
114.38490163424129,72.78205874104925,5.0
114.43550550547975,72.80708515564459,5.0
114.48610846351995,72.83212497572896,5.0
114.5367051145104,72.85717560851089,5.0
114.58729890034967,72.88223883346188,5.0
114.63788602572899,72.90731284595348,5.0
114.68846629253483,72.93239762094021,5.0
114.73903349455838,72.95749015021235,5.0
114.78959053413882,72.98259194150717,5.0
114.8401366101939,73.00770266549875,5.0
114.89067425065704,73.03282364730957,5.0
114.94120353176892,73.05795499496809,5.0
114.99171868131553,73.08309390439274,5.0
115.04222882894017,73.10824498710703,5.0
115.09273893701244,73.1334107900184,5.0
115.14325038090428,73.1585920776254,5.0
115.19376044831823,73.1837875759324,5.0
115.24426758523097,73.20899658512693,5.0
115.29476666554045,73.23421661774191,5.0
115.34526077230605,73.25944928313527,5.0
115.39575330308544,73.28469635209142,5.0
115.44624103132882,73.30995628414146,5.0
115.49672937745005,73.335231865113,5.0
115.54721382997357,73.3605209104822,5.0
115.59768452277176,73.38581854317846,5.0
115.64814936721241,73.41112879222557,5.0
115.69860864868531,73.43645186865353,5.0
115.74906296818162,73.46178814235157,5.0
115.79952217376095,73.48714263261996,5.0
115.84996419715134,73.51250431671528,5.0
115.90038897402245,73.53787321392896,5.0
115.95080038371678,73.56325132896298,5.0
116.00119629365919,73.58863764175086,5.0
116.05159203964331,73.61403993836284,5.0
116.10198048789222,73.63945468829301,5.0
116.15237325252058,73.66488781684797,5.0
116.20277324106853,73.69034086724147,5.0
116.25316832439844,73.71580778314997,5.0
116.30355741448821,73.74128807441942,5.0
116.35394474076799,73.76678394049263,5.0
116.40432905296284,73.7922948103834,5.0
116.45470144804894,73.81781623024031,5.0
116.50505811942169,73.84334631588621,5.0
116.5553977807199,73.86888445496287,5.0
116.60572694409676,73.89443399311587,5.0
116.65605051248968,73.91999746738432,5.0
116.7063590765093,73.94557014162199,5.0
116.75666667949714,73.97115919958559,5.0
116.80696959566153,73.99676279669168,5.0
116.85725427117181,74.02237407165417,5.0
116.90753602832878,74.04800086536501,5.0
116.95781230883246,74.07364191765028,5.0
117.00808696932376,74.09929923822712,5.0
117.05834822378293,74.12496684767774,5.0
117.10857618124754,74.15063460004878,5.0
117.15880048593978,74.17631766088617,5.0
117.20903937492027,74.20202540322296,5.0
117.25926985915478,74.22774610531889,5.0
117.30947514738878,74.25347118178267,5.0
117.3596753573327,74.27921095361603,5.0
117.40986570429915,74.30496298849323,5.0
117.4600390924404,74.33072365627875,5.0
117.51022919622358,74.35651027321758,5.0
117.56041582190576,74.38231249784741,5.0
117.61058270756473,74.40812197574913,5.0
117.66072767409604,74.43393757682031,5.0
117.71086748559358,74.45976793027054,5.0
117.76102445170173,74.48562455258056,5.0
117.81118181136921,74.51149882796165,5.0
117.86134661251927,74.5373944077849,5.0
117.91150709184721,74.56330522951716,5.0
117.96165758161085,74.5892283607518,5.0
118.01179918783669,74.61516436276773,5.0
118.06190896140103,74.64110133698816,5.0
118.11201751171042,74.66705510179735,5.0
118.16213317483663,74.69302997420533,5.0
118.21223822537503,74.71901675758052,5.0
118.26233788321174,74.745018138379,5.0
118.31239977586449,74.77101727334365,5.0
118.36244243272847,74.7970237314266,5.0
118.41250063635063,74.82305556869464,5.0
118.46258541557665,74.84911852968617,5.0
118.51269627139396,74.87521236845666,5.0
118.56279058490108,74.90131487380674,5.0
118.61287268941446,74.92742825620115,5.0
118.66297168305245,74.9535676605683,5.0
118.71308053139433,74.9797294019433,5.0
118.76315035511891,75.00588790479048,5.0
118.81319506255605,75.03205035329584,5.0
118.86324302172147,75.05823152164133,5.0
118.91327480422339,75.08442119372022,5.0
118.9633087761061,75.11062892715044,5.0
119.01332719778506,75.13684537113635,5.0
119.06335662072453,75.16308438649506,5.0
119.11342185588143,75.18935896124033,5.0
119.16346815830192,75.21564031696646,5.0
119.21349605122,75.2419286411997,5.0
119.26353952522358,75.26824172743376,5.0
119.31353178174123,75.29454435985244,5.0
119.36351078564076,75.32085639814764,5.0
119.41351481983983,75.34719792788971,5.0
119.46352783687135,75.37356043725737,5.0
119.51353457199714,75.39993579706822,5.0
119.56346834635653,75.42628869895098,5.0
119.61342353435619,75.45266882399599,5.0
119.66343475839408,75.4790944073364,5.0
119.71340169179527,75.50551234240562,5.0
119.76327965660674,75.53189881758023,5.0
119.81313166853973,75.55828698722617,5.0
119.86294666057458,75.58467083901564,5.0
119.91271554832274,75.61104539075642,5.0
119.96248408049487,75.6374347335204,5.0
120.01222476853903,75.66382414485294,5.0
120.06195546508367,75.69022293873952,5.0
120.11171639293016,75.71665233823907,5.0
120.16145347761889,75.74308348061545,5.0
120.21119823278634,75.7695329519958,5.0
120.26096422268496,75.79600782377324,5.0
120.31068589157555,75.82247304531273,5.0
120.36044128609325,75.84896998387197,5.0
120.41016729866692,75.87546485983599,5.0
120.45986392402908,75.90195745844116,5.0
120.50952609574345,75.92844485890514,5.0
120.5591544954989,75.95492719766264,5.0
120.60889579105086,75.98148258192685,5.0
120.6586109129765,76.00803660646447,5.0
120.70829168999184,76.03458466582337,5.0
120.75797711050929,76.06114736291207,5.0
120.80757637189085,76.08767589126623,5.0
120.85723599065514,76.11424837586743,5.0
120.90703443737709,76.14090666320595,5.0
120.95686589127374,76.16759394017869,5.0
121.00662114995097,76.19425145368791,5.0
121.05637180020109,76.22091726654152,5.0
121.10618111170858,76.24762505131571,5.0
121.15600483625497,76.27435084307706,5.0
121.20583814060339,76.3010917825257,5.0
121.25563308417213,76.32782184996215,5.0
121.30549817138689,76.35459901365753,5.0
121.35535737500246,76.38138217464419,5.0
121.40514586099093,76.4081361747671,5.0
121.45495540201492,76.43491000160836,5.0
121.50471518410001,76.46166526560391,5.0
121.55442206894683,76.48839992459165,5.0
121.60407228600538,76.51511158956664,5.0
121.6536615516397,76.54179758874294,5.0
121.70323235006597,76.56848042408895,5.0
121.75282477401959,76.59518133276356,5.0
121.80243892513482,76.62190002834639,5.0
121.85220015111904,76.64870369398626,5.0
121.90208628651054,76.67558008027744,5.0
121.95193449778489,76.70244109734179,5.0
122.0017578557964,76.72929338786521,5.0
122.05167235609886,76.75619908381682,5.0
122.1016500817495,76.78314275720629,5.0
122.15160804457231,76.81007926053168,5.0
122.20153072387936,76.8369997967311,5.0
122.25140733063013,76.86389811103794,5.0
122.30132544776004,76.89082100176381,5.0
122.35118758759101,76.91771544676035,5.0
122.40097094965233,76.94456869168222,5.0
122.4506533544181,76.97136831199302,5.0
122.50023383302349,76.99811332273268,5.0
122.54979859476934,77.02484976421563,5.0
122.59925549274543,77.0515274634016,5.0
122.64857835986476,77.07813184017382,5.0
122.69787283388268,77.1047194056016,5.0
122.7472373350519,77.1313427562488,5.0
122.7966179803717,77.1579723297091,5.0
122.84606624185379,77.18463536968908,5.0
122.89558859684163,77.21133483475036,5.0
122.94513091356406,77.23804099923142,5.0
122.99470239648866,77.26475827937166,5.0
123.04427883913759,77.29147307533763,5.0
123.09395400280486,77.31823533181893,5.0
123.1436360065862,77.34499495469358,5.0
123.19337144017585,77.37177644365013,5.0
123.24314655835342,77.3985717811016,5.0
123.29292918925796,77.42536303437765,5.0
123.34284124081938,77.45221515361129,5.0
123.39269058001909,77.47902412836157,5.0
123.44249355911361,77.5057981666612,5.0
123.49241763492044,77.53262662536241,5.0
123.54241811639172,77.55948475197505,5.0
123.5923197733827,77.5862777713349,5.0
123.6421944247378,77.61304364033684,5.0
123.69211577261976,77.63982122875369,5.0
123.74200901749595,77.66656972206086,5.0
123.79185353354134,77.69327741689727,5.0
123.84157872489334,77.71990589275563,5.0
123.89119066980919,77.7464578529073,5.0
123.94076486555193,77.77297310080269,5.0
123.99029754863322,77.79944897124955,5.0
124.03977577001055,77.82587789868424,5.0
124.08939761301467,77.85236490378864,5.0
124.1390901211951,77.87887014620627,5.0
124.18888017148308,77.90540707972471,5.0
124.2388460008136,77.93201641205644,5.0
124.28880100715594,77.9585978472295,5.0
124.3388093849765,77.9851847160062,5.0
124.388839478253,78.01175931872253,5.0
124.43886248771196,78.0383055346823,5.0
124.48896949795106,78.06487080458065,5.0
124.53907332350963,78.0914079917097,5.0
124.58906843524232,78.1178604854104,5.0
124.63899789791019,78.1442504224819,5.0
124.68885049916791,78.17057119441768,5.0
124.73861232265884,78.19681480254154,5.0
124.78827479137811,78.22297610234638,5.0
124.83782835560076,78.24904946911204,5.0
124.88727583388345,78.27503580593832,5.0
124.93679533720955,78.3010279087381,5.0
124.98645289428573,78.32705929707977,5.0
125.03616107026372,78.35308300496146,5.0
125.08594778204025,78.37911257960545,5.0
125.13586369467401,78.40517331087031,5.0
125.18597889254848,78.43130038589983,5.0
125.23615063109656,78.45741806146802,5.0
125.28621935654725,78.48344240809138,5.0
125.3363383084513,78.50945221169889,5.0
125.38648540912311,78.5354349309816,5.0
125.4365565036379,78.56133571903257,5.0
125.48672455631473,78.58724304428966,5.0
125.5370364009257,78.6131796905225,5.0
125.58748618910583,78.63914114005328,5.0
125.63785447215457,78.66501335543715,5.0
125.68810305087344,78.69077609039547,5.0
125.73834701832025,78.71648758919827,5.0
125.78858648802289,78.74214692205848,5.0
125.83882897986174,78.76775692285662,5.0
125.88911082417857,78.79333500897715,5.0
125.93959063917126,78.81896034804518,5.0
125.9901196518059,78.84455585073007,5.0
126.04059482102348,78.87006828663392,5.0
126.09107280002242,78.89552535771752,5.0
126.14164147149188,78.92097012197881,5.0
126.19223271464315,78.94636698278497,5.0
126.24275286730754,78.97166797543386,5.0
126.2932537730565,78.99689822072543,5.0
126.34378398348132,79.02208089059901,5.0
126.39424863827142,79.04716773861976,5.0
126.44471431322215,79.07219096385373,5.0
126.49527457805709,79.09719565565534,5.0
126.54596380371824,79.1221971589761,5.0
126.59674571619372,79.14717591232265,5.0
126.64742818051538,79.17203634333954,5.0
126.69812894791019,79.19683535383443,5.0
126.74887440691879,79.22158459424297,5.0
126.79964236848757,79.24627196887172,5.0
126.85055568105058,79.27095564338332,5.0
126.90155823337903,79.29560662786369,5.0
126.95251592724662,79.32015887696176,5.0
127.00351102712645,79.34465095234822,5.0
127.05453338808188,79.36907668472539,5.0
127.10557598178285,79.39343146368081,5.0
127.15663381588028,79.41771169808663,5.0
127.20770470483065,79.44191516301514,5.0
127.25878800252842,79.4660403765237,5.0
127.30988553379518,79.49008702236262,5.0
127.36099729245281,79.51405391472288,5.0
127.41207200820539,79.53791600694292,5.0
127.46321290206618,79.56172034472418,5.0
127.51438855112416,79.5854508723789,5.0
127.56567616805326,79.6091417974559,5.0
127.61702549587918,79.63276820241886,5.0
127.66837550487246,79.65630070242209,5.0
127.71975945331552,79.67975333805241,5.0
127.77117632514137,79.70312432698705,5.0
127.82267029449696,79.72643226590402,5.0
127.87424367795091,79.74967653900678,5.0
127.92584163173707,79.77283096200586,5.0
127.97746323944705,79.7958938772675,5.0
128.0291784504802,79.81889501716154,5.0
128.08092723997706,79.84180612364993,5.0
128.1327220792912,79.86463135027321,5.0
128.18457493112163,79.88737450165092,5.0
128.236499116191,79.91003984795587,5.0
128.28850476825494,79.93263013898087,5.0
128.34057287631373,79.95513547823897,5.0
128.39269273822748,79.97754972916849,5.0
128.44484495498855,79.99986317256436,5.0
128.49702735667773,80.0220736039647,5.0
128.54926871763988,80.04419188284906,5.0
128.60154706889008,80.06620729436113,5.0
128.65389470810777,80.08813198424154,5.0
128.7063026483267,80.10996063017522,5.0
128.75876608425602,80.13168973983305,5.0
128.81129144634875,80.15332048328995,5.0
128.8638825644169,80.17485290067893,5.0
128.91657143887667,80.19629838962119,5.0
128.96936691564514,80.21765864940706,5.0
129.02223192817587,80.23891692007977,5.0
129.07510160976773,80.26004586199606,5.0
129.12804668473314,80.28107246698823,5.0
129.18103742915736,80.30198346259579,5.0
129.2340637352403,80.32277360362298,5.0
129.2870691963447,80.34341987121695,5.0
129.33997896434852,80.36389289985377,5.0
129.39288716737093,80.3842288255487,5.0
129.4457990166918,80.40442887299464,5.0
129.4988507664234,80.42454356168898,5.0
129.55221412391577,80.44463487843528,5.0
129.60564359848627,80.46460765340434,5.0
129.65914838293634,80.48446384865508,5.0
129.7128215372592,80.50423598019592,5.0
129.76660702058174,80.52390118437745,5.0
129.82053254615417,80.54346753358696,5.0
129.87449819543488,80.56289712327933,5.0
129.9285655751456,80.58221071268325,5.0
129.98284542624893,80.60144547393864,5.0
130.03719495385548,80.62054860577365,5.0
130.0914518115808,80.63946261591325,5.0
130.14560877371568,80.65818556146809,5.0
130.19980957135635,80.67676694899544,5.0
130.25417032490236,80.69524492201464,5.0
130.30862008197238,80.713593447987,5.0
130.3631793214718,80.7318178246409,5.0
130.41785604893423,80.7499189714461,5.0
130.472459225581,80.76783299804077,5.0
130.52721381162132,80.7856328885536,5.0
130.5821886414567,80.80333845843195,5.0
130.63695503389206,80.82081127054933,5.0
130.6913772649439,80.8380110808099,5.0
130.7458126855333,80.85505257282232,5.0
130.8005518616189,80.8720246033421,5.0
130.8554562654092,80.8888812104001,5.0
130.91031245880987,80.90555600595737,5.0
130.96501726864668,80.92201872637195,5.0
131.01979398521655,80.93833696841736,5.0
131.07502105459116,80.95462023916791,5.0
131.1304959827322,80.97080451862405,5.0
131.186122398705,80.98685923041973,5.0
131.2422824020373,81.00289041190736,5.0
131.2989241277161,81.0188768935208,5.0
131.35590911834942,81.03477441376562,5.0
131.4129441745937,81.05049881337273,5.0
131.47014516004197,81.06608087466486,5.0
131.52759651573308,81.08154116137972,5.0
131.58468220523335,81.0967150094852,5.0
131.64176329966034,81.11170122286278,5.0
131.69915998674276,81.12658227219926,5.0
131.75624451062203,81.14119586827226,5.0
131.81296148927277,81.15553277357179,5.0
131.86953061747542,81.16965238689274,5.0
131.9265856464876,81.1837113475207,5.0
131.98349014476403,81.19755136046197,5.0
132.03960212849546,81.21102295109786,5.0
132.0950050437442,81.22415613835358,5.0
132.14986653787875,81.23699888712163,5.0
132.20474038427187,81.24968469543019,5.0
132.25968948183643,81.26222839022708,5.0
132.31446592487873,81.27457478952599,5.0
132.36831104422527,81.28656003809017,5.0
132.42136879873848,81.29822653438804,5.0
132.47366835725995,81.30958977299244,5.0
132.52540926466946,81.3207007441761,5.0
132.5764661979482,81.33153958971755,5.0
132.62612567210448,81.34196564777533,5.0
132.67492315285932,81.35210246732666,5.0
132.7239511458924,81.36218058836556,5.0
132.77289881635608,81.3721363063161,5.0
132.82022842483815,81.38166486734634,5.0
132.86654995149883,81.39090044906386,5.0
132.91213134968277,81.39990389309303,5.0
132.95728217776573,81.40874137165758,5.0
133.00169538455427,81.41735763929461,5.0
133.04438782314412,81.42557088714462,5.0
133.08588014065828,81.43349105380186,5.0
133.1273393046389,81.4413451443107,5.0
133.169298910995,81.44923351790867,5.0
133.21216752317417,81.45722954500074,5.0
133.25541349041802,81.46523098661848,5.0
133.29877294880873,81.47318836132227,5.0
133.34308095883637,81.48125258107466,5.0
133.38718729239264,81.48921298109676,5.0
133.4313139089094,81.49711115766,5.0
133.47579894189286,81.50500753309265,5.0
133.5220813056927,81.51315213229643,5.0
133.57149725583557,81.52176564013413,5.0
133.62303237327959,81.53065470385285,5.0
133.67605404502586,81.53969894307072,5.0
133.72988647743298,81.54877674838654,5.0
133.7847956569482,81.55792839595331,5.0
133.84044245658384,81.56709332534591,5.0
133.89613745704048,81.57615826191703,5.0
133.95225596161427,81.5851860005141,5.0
134.00789419752334,81.594035011633,5.0
134.063467043718,81.60277693741085,5.0
134.119281381343,81.61146323913168,5.0
134.1747358711976,81.62000461692755,5.0
134.22991097110238,81.62841940832296,5.0
134.28282504947876,81.6364165323223,5.0
134.3327899661124,81.64390870122386,5.0
134.3806774750157,81.65104058062417,5.0
134.42703239510342,81.65790267851654,5.0
134.4731481887787,81.66469175382807,5.0
134.519386589437,81.67146344296899,5.0
134.56509850218646,81.67812550133232,5.0
134.61007919051056,81.68465198238475,5.0
134.65486513034924,81.69112399440638,5.0
134.69943457728453,81.6975409619285,5.0
134.7425324053635,81.70372590741538,5.0
134.78369198201136,81.70961663744812,5.0
134.82308819326028,81.71524240138926,5.0
134.86094181681193,81.7206380069299,5.0
134.8974344509408,81.72583188931624,5.0
134.93085587947706,81.73058326104812,5.0
134.96105012719383,81.73487240444241,5.0
134.9886142899366,81.73878576963342,5.0
135.0132983093873,81.74228892326123,5.0
135.03369224263054,81.74518258009682,5.0
135.04947690268514,81.7474219781583,5.0
135.06357240149634,81.74942160617353,5.0
135.076599104287,81.75126953749316,5.0
135.08768686995091,81.75284238025772,5.0
135.0965942694295,81.75410591591366,5.0
135.10225155944875,81.75490841302198,5.0
135.10509696577265,81.755312038906,5.0
135.1076381630434,81.75567251213162,5.0
135.10980968862327,81.75598054676409,5.0
135.110590848233,81.75609135559517,5.0
135.110590848233,81.75609135559517,5.0
135.1105113858259,81.75547781860259,5.0
135.11032786925466,81.75406086926964,5.0
135.11023137711993,81.7533158441043,5.0
135.11019834567153,81.75306080507721,5.0
135.11006038019747,81.75199556023802,5.0
135.1097255357166,81.74941019366695,5.0
135.10923922442458,81.74565533876954,5.0
135.1087922487104,81.74220420037598,5.0
135.108411179381,81.7392619334287,5.0
135.10776342026577,81.73426054112706,5.0
135.10673106303545,81.7262896838534,5.0
135.1055261962401,81.7169869966436,5.0
135.10415188471796,81.70637627748312,5.0
135.1024998539076,81.6936218531154,5.0
135.1005518119142,81.67858312047952,5.0
135.09817123869516,81.66020752086784,5.0
135.09525830930733,81.63772769496937,5.0
135.0917973131017,81.6110288567327,5.0
135.0877843239434,81.5800922182315,5.0
135.08330931631556,81.54562892464368,5.0
135.07851899743335,81.50879008809264,5.0
135.07347574163046,81.47007843598755,5.0
135.06823820986645,81.42996883242988,5.0
135.06281229022662,81.38853281365488,5.0
135.05712369198957,81.34523689780866,5.0
135.05131469188663,81.30119885649013,5.0
135.0454613433464,81.25701949731626,5.0
135.03956872996756,81.21275616228122,5.0
135.033551675696,81.16779375855786,5.0
135.0273425247861,81.12166478421541,5.0
135.02103509602696,81.07510400171412,5.0
135.0147344997317,81.0289066679485,5.0
135.00842628414236,80.98297581185169,5.0
135.00196107998903,80.9362485551329,5.0
134.9951525783967,80.88744103992686,5.0
134.98794020793565,80.8362177692559,5.0
134.9802636697425,80.78227655527007,5.0
134.97202072389814,80.72506462133593,5.0
134.96342031323843,80.66619328811205,5.0
134.9546601388455,80.6071043605195,5.0
134.94560875827,80.54698429839853,5.0
134.93631979534553,80.48627577186409,5.0
134.9270388685655,80.42660389074875,5.0
134.91786424859941,80.36854619015621,5.0
134.90866370794095,80.31121939854887,5.0
134.8994837728454,80.25488465101738,5.0
134.8905442406154,80.20081525352299,5.0
134.88184594730083,80.1489096670301,5.0
134.87340852651732,80.0991861671681,5.0
134.86526807621806,80.05176122968587,5.0
134.8574776891983,80.00684747967087,5.0
134.85010064452257,79.96471192032853,5.0
134.8430925934604,79.92501427962615,5.0
134.83618118978615,79.88616304086523,5.0
134.8290828989663,79.84656615491248,5.0
134.82185049946517,79.80653962051323,5.0
134.81458533005323,79.76665213211966,5.0
134.80720755762104,79.72647097789967,5.0
134.79957893650013,79.68526788238574,5.0
134.79173496263314,79.64326863765571,5.0
134.78372374936353,79.60075719058867,5.0
134.77570022066354,79.55856232234794,5.0
134.7676715465823,79.51671288222998,5.0
134.75941827745106,79.47407569220007,5.0
134.75085106227803,79.43022856105084,5.0
134.7419940985831,79.38534138763835,5.0
134.73295395832542,79.33998731748581,5.0
134.72360485510166,79.29356986260217,5.0
134.71375999937686,79.24522921747774,5.0
134.70335941566768,79.19476768750646,5.0
134.6926881578801,79.14364034221823,5.0
134.68183016432533,79.09227607549562,5.0
134.67052573460438,79.03949304816491,5.0
134.65866562178138,78.98487261465789,5.0
134.64631718814658,78.92882161731501,5.0
134.63367582837898,78.87228753125721,5.0
134.62078687143978,78.81549944625978,5.0
134.60754237491125,78.75801456089047,5.0
134.5938258333434,78.69938735375665,5.0
134.57973721655128,78.64010503696491,5.0
134.56553912587515,78.58128277240736,5.0
134.55122974211784,78.52288954686941,5.0
134.53652500510094,78.46377839298037,5.0
134.5213507949858,78.40370565894199,5.0
134.50584987793334,78.34328016239164,5.0
134.4900931713713,78.28279421401461,5.0
134.47413922625296,78.22247232378011,5.0
134.45812935033462,78.16282627377964,5.0
134.44206641562818,78.1038305171947,5.0
134.425954536247,78.0454661038783,5.0
134.4099391789426,77.98821444731753,5.0
134.39392642648673,77.93169328612044,5.0
134.37772806925162,77.87521980209515,5.0
134.36145145571945,77.81915784561322,5.0
134.34514825063664,77.76366263614935,5.0
134.32875554478022,77.70849960827556,5.0
134.31236647453184,77.65396087589363,5.0
134.29597337327496,77.5999948369697,5.0
134.27947093079635,77.54623818132002,5.0
134.26276292774963,77.49237527593262,5.0
134.2459339118293,77.4386773265647,5.0
134.22893909483972,77.38499745469844,5.0
134.21162284894734,77.33085283948702,5.0
134.19410258628662,77.27662134695632,5.0
134.1764609708782,77.22255675574326,5.0
134.1587291280412,77.16874557138323,5.0
134.14094426835715,77.11528830298634,5.0
134.12311423753707,77.06219423844085,5.0
134.10516051556712,77.00921983508924,5.0
134.0870287456771,76.95620246390567,5.0
134.0687707419431,76.90329157325837,5.0
134.05035537145287,76.85039384140471,5.0
134.0317636163956,76.79745411359832,5.0
134.0129929003774,76.74446553844481,5.0
133.99395697111518,76.69118929185814,5.0
133.97466250777163,76.63765228421171,5.0
133.9552138586072,76.58414668795669,5.0
133.93561138355406,76.53067109922542,5.0
133.91576350372497,76.47697745029683,5.0
133.8956683446841,76.42306647842886,5.0
133.87543083062147,76.36922066455767,5.0
133.85506307253075,76.3154680546757,5.0
133.83450636754,76.26165162960508,5.0
133.8137767476284,76.20781306697482,5.0
133.79292732591225,76.15408716470068,5.0
133.77200009148936,76.1005752888328,5.0
133.75097599398177,76.0472212719659,5.0
133.7298242827543,75.99394179261039,5.0
133.70855036778354,75.9407463136375,5.0
133.68718496528749,75.88770630982798,5.0
133.66576842370233,75.8349143182745,5.0
133.64426156483276,75.78226639662894,5.0
133.62262208001252,75.72965460703965,5.0
133.6008513072377,75.67707930797387,5.0
133.57894498351752,75.62452746791868,5.0
133.556908607126,75.57200956038939,5.0
133.53477584358848,75.51960195983763,5.0
133.5125663417114,75.46734584446034,5.0
133.49025267994767,75.41517175186405,5.0
133.4678213107058,75.36304439569562,5.0
133.44528117624574,75.31098117432755,5.0
133.4226353442936,75.25898554656277,5.0
133.39988155187658,75.20704876371944,5.0
133.37702920686488,75.15518865173486,5.0
133.35408827843878,75.103423783542,5.0
133.33105623928682,75.05174433211604,5.0
133.30792624360672,75.00013116150852,5.0
133.28469583230714,74.94857533520957,5.0
133.2613664860591,74.89707679950962,5.0
133.23793595999518,74.84562735751743,5.0
133.21440123345275,74.79421733081067,5.0
133.19076575758564,74.74285127012692,5.0
133.16702911874253,74.69152528566383,5.0
133.14318584361925,74.6402247416648,5.0
133.11924210362164,74.58896015658505,5.0
133.09519955350933,74.53773220508535,5.0
133.07105298742385,74.48652705580547,5.0
133.04680040101206,74.43533791387999,5.0
133.0224443010604,74.38416755950749,5.0
132.9979972202789,74.33303956712403,5.0
132.97346018866185,74.28195313266897,5.0
132.94882443153008,74.23088723067201,5.0
132.92410584904565,74.17987198733212,5.0
132.89930770763652,74.12891102828917,5.0
132.87441785257693,74.07797647919001,5.0
132.8494562613265,74.02710625165275,5.0
132.82443015154985,73.97631169489001,5.0
132.79932800008083,73.92556620777529,5.0
132.77416200498192,73.87489129801268,5.0
132.7489277871107,73.82427494378297,5.0
132.72360855184343,73.77368064676158,5.0
132.6982079414151,73.7231131256021,5.0
132.67270509571333,73.67252858767507,5.0
132.64715446762781,73.62203232810072,5.0
132.6215830352429,73.57167386310432,5.0
132.5959365024946,73.52134293825377,5.0
132.5701944322348,73.4709971982935,5.0
132.5443780795324,73.42067598826061,5.0
132.5184803934345,73.37036318766916,5.0
132.4925055465916,73.32006460120762,5.0
132.46651747154596,73.26990092342983,5.0
132.4404946724094,73.21982711365678,5.0
132.41446297582632,73.16988936441469,5.0
132.3884593452829,73.12015445366,5.0
132.36249363499442,73.0706367029317,5.0
132.33653010958975,73.02126386764839,5.0
132.31042834880841,72.97176681691168,5.0
132.28419174137446,72.92215133599485,5.0
132.25793824029756,72.87263857502957,5.0
132.2316721390109,72.82323352121588,5.0
132.20533741021717,72.77382826476075,5.0
132.17890358465414,72.7243639995895,5.0
132.15236419365908,72.67482733944244,5.0
132.12577392688297,72.62531863781405,5.0
132.0990638195639,72.57570790849941,5.0
132.0721926680048,72.52591803423083,5.0
132.0452435585866,72.47610198818916,5.0
132.01830644566792,72.42642357617635,5.0
131.99130141492194,72.37673290559829,5.0
131.9641842926458,72.32694725213415,5.0
131.937077218596,72.27728879582821,5.0
131.90995090472398,72.2277011246952,5.0
131.88274417472178,72.17807040518582,5.0
131.85548982578783,72.12845470683366,5.0
131.82822864006494,72.07892599472943,5.0
131.80086007833646,72.02929979763998,5.0
131.77336234539325,71.97953566227652,5.0
131.74585948273,71.92985642330733,5.0
131.71838649032208,71.88032260441267,5.0
131.69091376493728,71.83087816613343,5.0
131.66339361342048,71.78143516126774,5.0
131.63580464240454,71.73195350755404,5.0
131.60817559189104,71.68248307600268,5.0
131.58050816168665,71.63302507412457,5.0
131.55280997426468,71.58359126409624,5.0
131.5251211993808,71.53425123654081,5.0
131.4974180969021,71.48496053791716,5.0
131.4696470407935,71.43562205633489,5.0
131.44178663348114,71.38619648479333,5.0
131.41388161912644,71.33676179357624,5.0
131.38599344081055,71.28742491165224,5.0
131.35806721767028,71.23808683298968,5.0
131.33007758605225,71.18870123542077,5.0
131.30210813405864,71.13941384475247,5.0
131.2741716279087,71.09024500795113,5.0
131.24615965273696,71.04100221739043,5.0
131.21810670047316,70.99174474053152,5.0
131.19009314399798,70.94261188834838,5.0
131.1621008598236,70.8935698577347,5.0
131.1341284791446,70.84461435751383,5.0
131.10619115044088,70.79577000194347,5.0
131.07831907683348,70.74708759038312,5.0
131.05044385507978,70.6984458235319,5.0
131.02253736187674,70.64979415807198,5.0
130.99469060801485,70.60128962102429,5.0
130.96683276682546,70.55280718023198,5.0
130.93881472841008,70.50408634098658,5.0
130.91069615008536,70.4552300962771,5.0
130.88263741398504,70.40651574867553,5.0
130.85456951039617,70.35782190565988,5.0
130.8264722997943,70.30911230793824,5.0
130.79834412318417,70.26038283092008,5.0
130.77018862745868,70.2116385543222,5.0
130.7420102515625,70.1628859215187,5.0
130.7137614060744,70.11404146232546,5.0
130.68547868179954,70.06516734172024,5.0
130.657251763325,70.01641719505513,5.0
130.629056526315,69.96774791876845,5.0
130.60086178328027,69.91910437652601,5.0
130.57266090978933,69.87047392868038,5.0
130.5444442177426,69.8218387050263,5.0
130.5162067217558,69.77318898832841,5.0
130.48786174464786,69.72437446728557,5.0
130.45949962775055,69.67554974172002,5.0
130.43119688240807,69.62684532833671,5.0
130.40281966841238,69.57802980891181,5.0
130.374327713133,69.52903301778025,5.0
130.34589664449828,69.48015593695995,5.0
130.31753714994474,69.43141572696435,5.0
130.28911616400546,69.38258262932797,5.0
130.26063129649216,69.3336516035836,5.0
130.23211748408085,69.28468170351312,5.0
130.2036177107718,69.2357457395857,5.0
130.1750850742499,69.18676218236774,5.0
130.14654938143138,69.13778123057496,5.0
130.11807311036455,69.08890911924684,5.0
130.0895935204045,69.04003718558879,5.0
130.06107700142655,68.99110682369802,5.0
130.0325785311719,68.94221144030851,5.0
130.00409723954573,68.89334861395812,5.0
129.9755954928779,68.84445287491948,5.0
129.9470504582249,68.79548416492312,5.0
129.91846583495237,68.74644794773808,5.0
129.88992472976744,68.69748591265302,5.0
129.86142961850499,68.64860144910512,5.0
129.8329399736572,68.5997241890618,5.0
129.80447552035022,68.55088714504367,5.0
129.7760803283194,68.50216513154878,5.0
129.74769279939156,68.45345167442883,5.0
129.71928620788253,68.4047001172867,5.0
129.69088066037884,68.35594417899787,5.0
129.6625138333307,68.30724777678438,5.0
129.63417121345233,68.25858527174167,5.0
129.6058078855749,68.20987880509765,5.0
129.577462157122,68.16119342363577,5.0
129.54912560266465,68.11251395063749,5.0
129.52077565141883,68.06380089563713,5.0
129.49242390123385,68.01507347147391,5.0
129.46409475600876,67.96637294340869,5.0
129.4357887853043,67.91769964708645,5.0
129.40744793688654,67.86895307589428,5.0
129.37908386079386,67.82015254704224,5.0
129.3507222842652,67.77134164546824,5.0
129.32238395709788,67.72255546020315,5.0
129.29405390049715,67.67376759984808,5.0
129.26572728558565,67.6249691323183,5.0
129.2374225589285,67.57619124516653,5.0
129.2091293954408,67.52741557506667,5.0
129.18081660156182,67.47858773328124,5.0
129.15247781058625,67.42969608384958,5.0
129.1241461245092,67.3807971205541,5.0
129.09581559760994,67.33188001049206,5.0
129.06746465761435,67.28290690254961,5.0
129.03912874974947,67.23393844805486,5.0
129.01082329448997,67.18500080414697,5.0
128.9825121299814,67.13603093664099,5.0
128.95417511211792,67.08699340634362,5.0
128.925851416385,67.03795544715503,5.0
128.89761072486448,66.98903733236095,5.0
128.86939260725106,66.94013404462055,5.0
128.84114101062238,66.89114791085751,5.0
128.8128851735745,66.84212905545243,5.0
128.78465237862048,66.79312434302537,5.0
128.7564520894438,66.74414981063047,5.0
128.72828117492514,66.69519965357084,5.0
128.70016275541929,66.64631372803854,5.0
128.6720747802561,66.59745339323572,5.0
128.64397932785798,66.54855227267339,5.0
128.61585097894329,66.49956559403675,5.0
128.5877242565466,66.45055297487583,5.0
128.5596464846258,66.40159654902095,5.0
128.53156662312375,66.35260699443215,5.0
128.5034673260497,66.30355358434687,5.0
128.47542062632894,66.25456172813172,5.0
128.44742719039985,66.20563241814546,5.0
128.41943302429428,66.15667100330077,5.0
128.3914469023957,66.10769246397712,5.0
128.3634925841448,66.05873809729202,5.0
128.33555565879328,66.00978241367025,5.0
128.30759080708043,65.96074561732317,5.0
128.27962780997342,65.9116795212623,5.0
128.25171200567507,65.86266345463135,5.0
128.22385558226588,65.8137187395296,5.0
128.1960199050035,65.76477736468397,5.0
128.16819741213928,65.71582580721265,5.0
128.14039162156405,65.66687002906932,5.0
128.11257391082003,65.61785935782493,5.0
128.0847538626482,65.56881036022192,5.0
128.05694311101624,65.5197432918198,5.0
128.02917239696487,65.47071224838555,5.0
128.00141496544512,65.42166987137063,5.0
127.97360605118078,65.37250139133722,5.0
127.94580473104666,65.32331091369421,5.0
127.91804769138892,65.27416325476432,5.0
127.89031438072743,65.2250219828425,5.0
127.86256359110023,65.1758138894553,5.0
127.83478507162049,65.1265204825929,5.0
127.80700724274084,65.0771919350098,5.0
127.77927819987812,65.02791360618549,5.0
127.75160394050657,64.97869625793759,5.0
127.72396919462192,64.92951282408663,5.0
127.69639846991757,64.8804070488687,5.0
127.66884252614014,64.83129130352741,5.0
127.64128515517498,64.78213660949888,5.0
127.6137648733401,64.73301164930346,5.0
127.58624707571471,64.68385465270211,5.0
127.55868771885642,64.6345867448381,5.0
127.53113925139287,64.58530152367189,5.0
127.50365996401324,64.5361034151087,5.0
127.47620147165743,64.48690597098944,5.0
127.44870273315047,64.43759972266666,5.0
127.42119564504208,64.38824169366514,5.0
127.39374216641193,64.33894315570069,5.0
127.36632947891599,64.28968132662077,5.0
127.33889672417088,64.24034689197448,5.0
127.31141630931737,64.19089005547409,5.0
127.28392747340916,64.1413813046655,5.0
127.25646813303965,64.09188901567775,5.0
127.22904651820656,64.04242824348378,5.0
127.20164044237511,63.99295916555674,5.0
127.17427131638286,63.94352063472851,5.0
127.14692614161962,63.89408940959722,5.0
127.11953986764654,63.84454794594108,5.0
127.09214922858409,63.794962680051384,5.0
127.06477293552732,63.74536762742535,5.0
127.03737456105452,63.69569690553732,5.0
127.009974789684,63.64598809630914,5.0
126.98265412483694,63.59638760715062,5.0
126.95541844220881,63.5469066951142,5.0
126.92820540834464,63.4974325695562,5.0
126.90099862436512,63.447935685036185,5.0
126.87382212946724,63.3984600763057,5.0
126.8466933758995,63.34903793254683,5.0
126.81959842421178,63.29964429709923,5.0
126.79247082084267,63.250158281641106,5.0
126.76534736322773,63.20064721208112,5.0
126.7382718650743,63.151191474940035,5.0
126.7112225208511,63.101751715505614,5.0
126.68419453975969,63.052319603075865,5.0
126.65719405826663,63.002906803963775,5.0
126.6302154519816,62.95350348418585,5.0
126.60320111577926,62.90400448910555,5.0
126.57619179845692,62.854484797279774,5.0
126.54924473578492,62.80504989293098,5.0
126.52231020786698,62.755609140464614,5.0
126.49541913851978,62.70621985335888,5.0
126.46856045467555,62.65686230003495,5.0
126.44174077440965,62.607549252297105,5.0
126.4150025958598,62.558359571718974,5.0
126.38825052083718,62.50911838421523,5.0
126.36138988630363,62.4596517284467,5.0
126.33449781068802,62.410101901804495,5.0
126.3076208112341,62.36055514715299,5.0
126.28075164044989,62.31099872890623,5.0
126.2538628897872,62.26138267750456,5.0
126.22695811383441,62.211714114437854,5.0
126.20003507991278,62.16198950532323,5.0
126.17307339667225,62.11217176364241,5.0
126.1461701921344,62.06244107494034,5.0
126.11930821727057,62.01276641229076,5.0
126.09239349923257,61.962974702400615,5.0
126.065488876682,61.91318288028232,5.0
126.03863163819791,61.863460798790754,5.0
126.01178013100127,61.81373219602054,5.0
125.98490978945402,61.76395236222537,5.0
125.9580431646302,61.71416388055503,5.0
125.93119987469957,61.66440398031922,5.0
125.90442810526841,61.614762944013684,5.0
125.87767223901004,61.5651386044865,5.0
125.85083271079313,61.51534712823455,5.0
125.82396846861364,61.465498699268096,5.0
125.79710849267529,61.41564802078301,5.0
125.77018539698018,61.3656709531891,5.0
125.74322141700928,61.31560969953722,5.0
125.71627269265817,61.265569494649704,5.0
125.68936138406345,61.21559255425986,5.0
125.66251996138857,61.16574027901441,5.0
125.63573500395587,61.11598885305283,5.0
125.60904526515162,61.06641137474584,5.0
125.58234703750392,61.016816305657635,5.0
125.55557361940599,60.9670808405717,5.0
125.52886658840487,60.91746911281842,5.0
125.50220297951306,60.86793960276145,5.0
125.47553788502967,60.8184100473815,5.0
125.44883474006387,60.76881372115451,5.0
125.42210761604156,60.719177987690344,5.0
125.39545653794843,60.66968981133321,5.0
125.3688439100182,60.6202805611106,5.0
125.3421984195013,60.57081908734644,5.0
125.31551335521452,60.521294260225915,5.0
125.28884022170483,60.471802989616236,5.0
125.26213903612606,60.42227242469871,5.0
125.2353966582968,60.37267960468912,5.0
125.20867034644658,60.32313210876111,5.0
125.18196505938387,60.27364046990405,5.0
125.15528641005643,60.22421642619494,5.0
125.12865151858826,60.17489300419979,5.0
125.10195606014358,60.125478461414275,5.0
125.07521469250254,60.076001552002964,5.0
125.04840484508763,60.026422191646326,5.0
125.02145878649468,59.976617017554545,5.0
124.99449129829051,59.926800043149306,5.0
124.9675295233005,59.87702301128785,5.0
124.94052478295481,59.8271977200498,5.0
124.9134874873875,59.77734516058928,5.0
124.88647724031281,59.727576869022165,5.0
124.85949412263751,59.677894484772246,5.0
124.83244651423433,59.62813105652665,5.0
124.8053443489309,59.578306862757756,5.0
124.77825600271727,59.528549408482384,5.0
124.75122825637412,59.478946081061835,5.0
124.72423278672086,59.42944628758998,5.0
124.69724157764894,59.3800002218836,5.0
124.67021189253855,59.33053140619195,5.0
124.64314228771778,59.281039188066295,5.0
124.61606191716972,59.23157878101441,5.0
124.58894620982991,59.182107217600894,5.0
124.56172844256659,59.13250506215152,5.0
124.53443793421403,59.082828244068104,5.0
124.50702735243662,59.03299323337067,5.0
124.47952306457158,58.983050750995666,5.0
124.45202063974833,58.93317660099177,5.0
124.42447170793335,58.88328513108047,5.0
124.39691448484021,58.83344767535095,5.0
124.3694041192987,58.78376562800192,5.0
124.34193540992811,58.734230975756404,5.0
124.31437624907105,58.68460758003889,5.0
124.28676413477062,58.634965586872305,5.0
124.25922590128567,58.585534748258574,5.0
124.23173385027464,58.53626648266128,5.0
124.20419672112135,58.486999046789705,5.0
124.17667204006038,58.43783736336311,5.0
124.1491594323249,58.38878240858534,5.0
124.12154387755552,58.339631460743426,5.0
124.09391169482403,58.29054071467085,5.0
124.06628138554132,58.24154492702933,5.0
124.03871280230734,58.192751583442316,5.0
124.01114373989091,58.14405192583365,5.0
123.9835439722243,58.09539451789322,5.0
123.95589531696132,58.04674959957021,5.0
123.92819461115019,57.9981140624921,5.0
123.90047328988692,57.94954535522588,5.0
123.87268881050426,57.90097128350024,5.0
123.844908590782,57.85251186460439,5.0
123.81709096970884,57.80409637284075,5.0
123.78915460845988,57.75558615934042,5.0
123.76109791996429,57.7069820867442,5.0
123.73300213836667,57.658427881190995,5.0
123.70475925700605,57.609740135412935,5.0
123.67633318902392,57.56086117144763,5.0
123.64779000669022,57.51190894265888,5.0
123.61919103506695,57.46299186223471,5.0
123.59054691883408,57.41413072227378,5.0
123.56186239740573,57.36533603976218,5.0
123.53316421377885,57.31665542579587,5.0
123.50442548793,57.268045381650516,5.0
123.47564602597794,57.21950792058019,5.0
123.44672980048334,57.17088437112558,5.0
123.4177155612792,57.12224376505578,5.0
123.3886920434264,57.07373744030927,5.0
123.3596786790014,57.025399306895025,5.0
123.3306357229475,56.97716475233945,5.0
123.30147716934015,56.928893843971686,5.0
123.27221874894974,56.88061628006722,5.0
123.24285310650858,56.832323496012464,5.0
123.2134090002824,56.78406612157604,5.0
123.18394411234212,56.7359410491419,5.0
123.1543857433911,56.687832034061714,5.0
123.12468225512654,56.63965893581201,5.0
123.09491322979486,56.59155440452785,5.0
123.06509865342518,56.54355313101746,5.0
123.03520472034866,56.49560321610645,5.0
123.00526111975576,56.44775482955592,5.0
122.97525836199732,56.39999507777035,5.0
122.94515080209105,56.35225421368658,5.0
122.91494168808018,56.304540802973634,5.0
122.88463830534792,56.2568696166608,5.0
122.85425570827317,56.20926729476312,5.0
122.82380732487604,56.16175743842657,5.0
122.79327202057429,56.11430969616024,5.0
122.76260671448303,56.066860553556836,5.0
122.73180251270168,56.01940033842428,5.0
122.70086060624902,55.97193506337334,5.0
122.66978284753577,55.92447169104101,5.0
122.6385760484768,55.87702460889123,5.0
122.60725251503824,55.82961622400114,5.0
122.57583490416371,55.782284009061215,5.0
122.54430390439542,55.73500196514453,5.0
122.5126534247068,55.68776437141291,5.0
122.48089997669119,55.640599097990844,5.0
122.44903866911686,55.59350189834492,5.0
122.41707085039629,55.54647779095815,5.0
122.38499782416412,55.499531634746546,5.0
122.3528116845147,55.45265484772853,5.0
122.32050706783461,55.405842755611076,5.0
122.28807571176664,55.35908667658507,5.0
122.25551567275744,55.31238720461176,5.0
122.22282492601775,55.265744843815796,5.0
122.18999883676267,55.21915644153606,5.0
122.15702123189513,55.172602769689334,5.0
122.12390322368134,55.1261032704392,5.0
122.09067367321082,55.07970156196309,5.0
122.057326706526,55.03339212914755,5.0
122.0238471652896,54.98715687520941,5.0
121.99025381525928,54.94102455782942,5.0
121.95655873096726,54.8950140646967,5.0
121.92269441885284,54.84903633933133,5.0
121.88868232544353,54.803124268760996,5.0
121.85460208576463,54.757387480238854,5.0
121.8204690524383,54.711847157678065,5.0
121.78628777069271,54.66650957997489,5.0
121.7519784612987,54.62127026121382,5.0
121.71752897071501,54.576115887663754,5.0
121.68302724937618,54.53116320718946,5.0
121.64846643223748,54.48640341576316,5.0
121.61379013092845,54.44176455839703,5.0
121.57898141271887,54.39722699866216,5.0
121.54412816342183,54.35290418462231,5.0
121.50926763789984,54.30884249512015,5.0
121.47433494282909,54.26495929936177,5.0
121.43940254368093,54.22134487322729,5.0
121.40452073288087,54.178059346953575,5.0
121.36947917152689,54.1348414538575,5.0
121.33423080143683,54.09163676646121,5.0
121.29899568635945,54.048715952548044,5.0
121.26371705231425,54.006008261050546,5.0
121.22830268948266,53.96340268572916,5.0
121.19289254313267,53.92106745800545,5.0
121.15755020687268,53.879075415772405,5.0
121.12214066736973,53.83726400797051,5.0
121.08651595860634,53.79546051910031,5.0
121.05070216476737,53.75369930195206,5.0
121.0148589731709,53.71216752012674,5.0
120.97894120638672,53.670812057296004,5.0
120.94289544343017,53.62957204460236,5.0
120.90664602637337,53.58836339505926,5.0
120.87034457460199,53.547359789895864,5.0
120.83428485130351,53.50688790637921,5.0
120.79809969134813,53.466531606173675,5.0
120.76145101439673,53.42591980035066,5.0
120.72460115814538,53.38535020591694,5.0
120.68768623915652,53.34497391815,5.0
120.65066415390562,53.304744730900374,5.0
120.61356453579688,53.264694838084736,5.0
120.57636387256431,53.224798731792376,5.0
120.53904998529008,53.18504369668866,5.0
120.50179824331815,53.14561461394312,5.0
120.46452059291411,53.106415112984855,5.0
120.42690173234979,53.06711601534905,5.0
120.389207166312,53.027997705266486,5.0
120.3515242771322,52.98914899339142,5.0
120.31376582728092,52.95047806678748,5.0
120.27592925684291,52.91198163805747,5.0
120.23780401234012,52.87344764389144,5.0
120.1996329803634,52.83512326089982,5.0
120.16157433388408,52.79716360831763,5.0
120.12354077663056,52.759477044665445,5.0
120.08534941943935,52.7218813330631,5.0
120.04678240788994,52.68416615952317,5.0
120.00817440525724,52.6466613758875,5.0
119.96980021988757,52.609628642362544,5.0
119.93135342014718,52.57276742277894,5.0
119.89293319519038,52.536170669728875,5.0
119.85456988469575,52.49986355950545,5.0
119.81607991045087,52.46367053694419,5.0
119.77768913263259,52.42780167706103,5.0
119.73927582980467,52.39213972038553,5.0
119.70065958712536,52.356517239700494,5.0
119.66199675635744,52.321078792761064,5.0
119.62352115988845,52.28603447522482,5.0
119.58481363736948,52.25100045217618,5.0
119.54580131620332,52.21591433546302,5.0
119.50673810229937,52.18100592779354,5.0
119.46765208823089,52.1462985391505,5.0
119.42882156643121,52.11203408995686,5.0
119.39001169609101,52.07799977949427,5.0
119.35080667327105,52.04383254728057,5.0
119.31122232204345,52.00955209066197,5.0
119.27136728223847,51.975256994977926,5.0
119.23145186981706,51.94112918155888,5.0
119.19147821034946,51.907169059367526,5.0
119.15107872619403,51.87306689107494,5.0
119.11052628970207,51.839056541428185,5.0
119.07003402241071,51.80531496534316,5.0
119.02915318794038,51.77146897202385,5.0
118.98769468869457,51.737369566812546,5.0
118.94581711374006,51.70315506560953,5.0
118.90398483027603,51.669205887424084,5.0
118.86218415980133,51.635507047172645,5.0
118.82031719457908,51.6019769785299,5.0
118.7784428336591,51.568660660058825,5.0
118.73672995308445,51.535687932303944,5.0
118.69524737155885,51.50310636210443,5.0
118.65347657231607,51.470506489527125,5.0
118.61149323001653,51.437949580056895,5.0
118.56938229472097,51.40550207771288,5.0
118.52688640965083,51.37296791492937,5.0
118.4841392215862,51.340452814262115,5.0
118.4410279565373,51.307874142090995,5.0
118.39743011775434,51.27514475583431,5.0
118.35339643878889,51.242308838482145,5.0
118.30887314484337,51.209332374639054,5.0
118.26412124015974,51.17641261972912,5.0
118.21918010060666,51.14357939658278,5.0
118.17380559856836,51.110657215403215,5.0
118.12798322015132,51.07764094897094,5.0
118.08189014924052,51.0446619673181,5.0
118.03583546803189,51.011940188138375,5.0
117.9896028590492,50.979319769749296,5.0
117.9430114050851,50.946674815060504,5.0
117.89627841975489,50.91415893668833,5.0
117.84946858277316,50.88181571024955,5.0
117.8024476761679,50.84955163730589,5.0
117.75510743143884,50.817293959210986,5.0
117.70763597499516,50.785171594145375,5.0
117.66019772954432,50.75329319374605,5.0
117.6126207892217,50.721540730999145,5.0
117.56494813356964,50.689941591933525,5.0
117.51719245230579,50.65850239142167,5.0
117.46921498960356,50.627131121667944,5.0
117.42118042151763,50.59593456301916,5.0
117.37318141802207,50.56496975735923,5.0
117.32514347813702,50.53418539807278,5.0
117.27696870259514,50.50351701664415,5.0
117.228565898768,50.472906425854205,5.0
117.1799508010493,50.442364052113234,5.0
117.13121349535416,50.41194606586944,5.0
117.08238871477513,50.381672687473596,5.0
117.03349223492235,50.35155184492216,5.0
116.98456242390559,50.32160491138086,5.0
116.93560608787752,50.29183347002774,5.0
116.88662371992145,50.262235225545034,5.0
116.83765393684118,50.232830665283814,5.0
116.78868073629691,50.20360721679386,5.0
116.73968831090632,50.174552775977794,5.0
116.6906040417763,50.1456222960555,5.0
116.64140788069321,50.116802674634584,5.0
116.59214406729686,50.08811838191687,5.0
116.54281270804553,50.0595677392117,5.0
116.49346218680351,50.03117669702057,5.0
116.44394945237472,50.00286158590011,5.0
116.39427837120247,49.97462420158826,5.0
116.34461843119405,49.9465593151134,5.0
116.2950776324603,49.918724575261194,5.0
116.24565994463697,49.89111818228776,5.0
116.19623634358935,49.86366492310714,5.0
116.14677115899332,49.83634294664374,5.0
116.09729228415584,49.80916570772935,5.0
116.04759168725177,49.782018118672255,5.0
115.9976685483142,49.75490017951584,5.0
115.94775690959068,49.727938054527755,5.0
115.89792312432171,49.70116485783643,5.0
115.8482421338089,49.67461736609761,5.0
115.79865578444688,49.64826101210951,5.0
115.74901824835378,49.62201601935121,5.0
115.69912991365692,49.595776534870375,5.0
115.64921242273932,49.569658703567335,5.0
115.59938005573797,49.54372007070344,5.0
115.54948707323298,49.51788274345317,5.0
115.49963508796634,49.49219758486378,5.0
115.44961528479006,49.46655584046668,5.0
115.3994739719879,49.44098093947782,5.0
115.34926507621458,49.4154995701738,5.0
115.29896619101538,49.39009939921204,5.0
115.24857063045404,49.36477625133104,5.0
115.1980389662656,49.33950975861335,5.0
115.14745965013071,49.31434336276821,5.0
115.0968327004869,49.28927587481074,5.0
115.0458789129289,49.26416921628984,5.0
114.9947588640736,49.239103244516464,5.0
114.94391385981488,49.214292221888506,5.0
114.89337551738015,49.189747312719334,5.0
114.84307638084849,49.16543179041448,5.0
114.79277537965062,49.141226636408064,5.0
114.74199315658583,49.116901922540464,5.0
114.69081170843623,49.092499417326096,5.0
114.63957607784823,49.06818423097674,5.0
114.58800545122888,49.04382341440149,5.0
114.53635951316758,49.01954005044888,5.0
114.48480407985242,48.995410674909095,5.0
114.432938645946,48.971247450043926,5.0
114.38080464527884,48.94707083635298,5.0
114.32863813254109,48.92299027495095,5.0
114.27654545539562,48.89905339645487,5.0
114.22451095140565,48.875251204497985,5.0
114.17272347096745,48.851667627156424,5.0
114.12118629256233,48.828300997547935,5.0
114.06963279580738,48.80502839913602,5.0
114.0176636285868,48.781670174858995,5.0
113.96571863578285,48.75842448754883,5.0
113.91421955619907,48.735477213647506,5.0
113.86264287535168,48.712592690206314,5.0
113.81087227336764,48.68971937238643,5.0
113.75892155767318,48.666863823389036,5.0
113.7066991057418,48.64398649946638,5.0
113.65453858238588,48.62123344286707,5.0
113.60253646428106,48.59864504082272,5.0
113.55072198714916,48.576231886938984,5.0
113.49942901958725,48.55413506797288,5.0
113.44826230704359,48.532181289361475,5.0
113.39669306854256,48.510143909266894,5.0
113.34481154329278,48.488063261501956,5.0
113.29290712457632,48.46606297989032,5.0
113.24098813669005,48.44414604820938,5.0
113.18924181990415,48.42239031899218,5.0
113.13776666195541,48.40083508388563,5.0
113.08611251956464,48.379290955461386,5.0
113.03408718374864,48.3576790432148,5.0
112.98185403541555,48.33606861047868,5.0
112.92975410938504,48.31460047362695,5.0
112.87780895939719,48.293282052933904,5.0
112.82568570676221,48.27197633536099,5.0
112.77350001033561,48.25073093551322,5.0
112.72125485131485,48.229547035679516,5.0
112.66873384470598,48.20833758745143,5.0
112.61622942382571,48.18722114294903,5.0
112.56387339567846,48.16624980278731,5.0
112.51160999557605,48.14540010371816,5.0
112.45939335435214,48.124652979351914,5.0
112.406957670577,48.10390307764864,5.0
112.35407333289994,48.08306141558058,5.0
112.30093268787783,48.06220583147625,5.0
112.24778209159052,48.041433638171455,5.0
112.1947262411318,48.020785251717186,5.0
112.14183720002202,48.000287666490436,5.0
112.0889161660807,47.979863222652234,5.0
112.03608804209368,47.95955977687017,5.0
111.98332780180608,47.939367063316716,5.0
111.93035232835351,47.91917708978332,5.0
111.87735832703078,47.89906548776085,5.0
111.82481322204123,47.87920820018492,5.0
111.77231757419347,47.85945264158859,5.0
111.7196453602889,47.839714128113215,5.0
111.667149937846,47.82012506823813,5.0
111.61440370766609,47.80052614310474,5.0
111.56141902553387,47.78092353089645,5.0
111.5084755558249,47.761421376312434,5.0
111.45556297766271,47.742015707845,5.0
111.4024734177905,47.722630838958324,5.0
111.3490972754588,47.70322835292489,5.0
111.29566297113402,47.683892526080676,5.0
111.24216721524785,47.6646226954501,5.0
111.18868991158168,47.645447936099416,5.0
111.13534293444961,47.626408037133956,5.0
111.08216739362813,47.60751685770115,5.0
111.0290655628067,47.58873906917682,5.0
110.97588779059234,47.57002196949151,5.0
110.92244936696987,47.55130188565465,5.0
110.86871775016958,47.53256951403659,5.0
110.81521553456707,47.51400752257489,5.0
110.7620564103065,47.495653701499776,5.0
110.70885464338294,47.47737414721849,5.0
110.65558557709184,47.45916105285732,5.0
110.60218707975011,47.44099414942396,5.0
110.54843850991867,47.42280033313935,5.0
110.49458287049083,47.404663780738844,5.0
110.4408482852345,47.386661624968305,5.0
110.387140804997,47.36876224261604,5.0
110.33344263135486,47.35095995314479,5.0
110.27981376264306,47.3332747608757,5.0
110.22616944307879,47.315678924615305,5.0
110.17224196232813,47.29808609999696,5.0
110.11829828433105,47.28058487249934,5.0
110.06466859214454,47.26328173041721,5.0
110.01114402845978,47.24610822261104,5.0
109.95749057607487,47.228989791907125,5.0
109.90363848063467,47.2119058205178,5.0
109.84957071858324,47.19485288987207,5.0
109.79540487890102,47.17786972787833,5.0
109.74139836441222,47.16103730169717,5.0
109.68744089652571,47.14432095483522,5.0
109.63339531459214,47.12767883832871,5.0
109.57930402748225,47.11112502062282,5.0
109.52515165785927,47.09465571353527,5.0
109.4709601249173,47.07827848522828,5.0
109.41668003242685,47.061979424232575,5.0
109.3623145250688,47.045760681058674,5.0
109.30790643432167,47.02963607096059,5.0
109.25347213669441,47.01361125923119,5.0
109.19886831895278,46.99764537831864,5.0
109.1440774958978,46.981735297332165,5.0
109.0892132451699,46.965915610641424,5.0
109.03436412769878,46.95021265424587,5.0
108.97955422718363,46.934633661686455,5.0
108.92469975451914,46.91915539965217,5.0
108.86983395079443,46.90378803992183,5.0
108.8149757857885,46.8885374701248,5.0
108.76010743552068,46.8733993028545,5.0
108.70523096609263,46.858374739798215,5.0
108.65031950033196,46.843457156685275,5.0
108.5953533839587,46.82864214545741,5.0
108.54031373463188,46.81392571379486,5.0
108.48519159310203,46.79930668526291,5.0
108.43003642626222,46.784799224125635,5.0
108.37485703288797,46.77040643388837,5.0
108.31964652270807,46.75612729412769,5.0
108.26438548455778,46.74195767365581,5.0
108.20901570969309,46.72788387874925,5.0
108.15361645663003,46.71392719209263,5.0
108.09828321826116,46.70011201655145,5.0
108.04299919746367,46.6864341373954,5.0
107.9876985282363,46.672877600270446,5.0
107.93229201566344,46.65942157719861,5.0
107.87680263772667,46.64607298513315,5.0
107.82132585439584,46.63285557500506,5.0
107.76583028215764,46.619762350109966,5.0
107.71026738818094,46.6067827006658,5.0
107.65477179767929,46.59394850425886,5.0
107.59934431133642,46.58125972749976,5.0
107.54382405391807,46.568680057577446,5.0
107.48816919441352,46.55620147579039,5.0
107.43236768485721,46.54382299195541,5.0
107.37661381337067,46.531588540593454,5.0
107.32098273246399,46.51951414375369,5.0
107.26531588487427,46.50756529900659,5.0
107.20946459936827,46.49571146495537,5.0
107.15319926263811,46.48390711168288,5.0
107.09655845255608,46.47216450456392,5.0
107.03976851582563,46.460533457345996,5.0
106.98271231396096,46.448992326754414,5.0
106.92553439898872,46.4375725592785,5.0
106.86842815259877,46.42631324717823,5.0
106.81138577844139,46.415212350205586,5.0
106.75468289520767,46.40432161720099,5.0
106.69828401698676,46.39363111919627,5.0
106.64220985229447,46.3831417505439,5.0
106.58588955777545,46.37274642469628,5.0
106.5297569912334,46.3625255760225,5.0
106.4741848610115,46.35254340727098,5.0
106.41838412805541,46.34265656790766,5.0
106.36264844155522,46.33291787287956,5.0
106.30719264042685,46.323363134960225,5.0
106.25190313692596,46.31397055081033,5.0
106.19708859356457,46.3047893867019,5.0
106.1433593704683,46.295914436508404,5.0
106.0901805704976,46.28724974564616,5.0
106.03701618276656,46.278705305134466,5.0
105.98408946081175,46.27031570892255,5.0
105.93151853549851,46.26209688766731,5.0
105.87988407952972,46.25413386745403,5.0
105.8292512025046,46.24642841455963,5.0
105.77901536094491,46.238882674248416,5.0
105.72910391376662,46.23148266181765,5.0
105.67918908087007,46.22417827296771,5.0
105.62902506271263,46.216934224539415,5.0
105.57868720185759,46.209762716584976,5.0
105.52761858697399,46.20258759469548,5.0
105.47658284148592,46.19551851171505,5.0
105.42560239159744,46.1885578011787,5.0
105.3740789486482,46.181625253756714,5.0
105.32257985941237,46.17479877579198,5.0
105.27118364767634,46.16808774227858,5.0
105.21963047303763,46.16145788179351,5.0
105.16810421374655,46.1549327639913,5.0
105.11666462738869,46.14851889033044,5.0
105.06454342079694,46.14212213229553,5.0
105.01144266431825,46.13571179267473,5.0
104.95752297703505,46.12931376279651,5.0
104.90351019500218,46.1230170414407,5.0
104.85000322315561,46.11688879794161,5.0
104.7962714591584,46.11084323045399,5.0
104.74192479231598,46.10483881284623,5.0
104.68751917418547,46.09893859289075,5.0
104.63286799356315,46.09312239162791,5.0
104.5783649045281,46.08743126306967,5.0
104.52475501347183,46.08193764699082,5.0
104.4718090137445,46.076610866851915,5.0
104.41948379823287,46.07144065769817,5.0
104.36792665215039,46.06643547554947,5.0
104.31710094959678,46.06158551376396,5.0
104.2665156180159,46.056839587134675,5.0
104.21581103786589,46.05216240718403,5.0
104.16535876710344,46.04758664054113,5.0
104.11493579720104,46.04308998144373,5.0
104.06420484450732,46.038641941914555,5.0
104.01332416722025,46.034256461058206,5.0
103.96207870200628,46.029915163495104,5.0
103.91086474657786,46.02565117577239,5.0
103.86030425811384,46.02151287212162,5.0
103.81021339078502,46.01748067219128,5.0
103.75959227903691,46.01347281731209,5.0
103.70781512603259,46.00944273895455,5.0
103.65559227093178,46.00544836661318,5.0
103.60344850383407,46.001529061394955,5.0
103.55152246663789,45.99769267566638,5.0
103.49954387613334,45.99391700829703,5.0
103.44649800538751,45.99012924673524,5.0
103.39210602179959,45.986313430327044,5.0
103.33701407764059,45.98251774501194,5.0
103.28114981773447,45.97873843034626,5.0
103.22447589175708,45.974974240613456,5.0
103.16752707023736,45.97126052645893,5.0
103.11080878017752,45.96762744262224,5.0
103.05394321298316,45.96404765246607,5.0
102.99684976962766,45.9605138901163,5.0
102.94005704017526,45.957055664810646,5.0
102.88396352642586,45.953692272239635,5.0
102.82810413012375,45.950391174161396,5.0
102.77191136539462,45.947116034573874,5.0
102.71571541672472,45.94388360268693,5.0
102.65956571804341,45.94069358278637,5.0
102.60358240705467,45.937549415808185,5.0
102.54790319192318,45.934455161626374,5.0
102.4923527495628,45.93139751881448,5.0
102.4366700086704,45.92835904013624,5.0
102.38064413920908,45.925325509905186,5.0
102.32442484070064,45.922302231941146,5.0
102.26836374126272,45.919304850174605,5.0
102.21234463356485,45.91632373065069,5.0
102.15616821999778,45.913344985145166,5.0
102.09994023444558,45.91037090602859,5.0
102.04372518336056,45.90740148827613,5.0
101.987556692121,45.90443505224914,5.0
101.93136103525433,45.901464232188,5.0
101.87490968540062,45.89847338407691,5.0
101.81834350872562,45.89546627989216,5.0
101.7620082102837,45.892457723776154,5.0
101.70553951497834,45.88942468226657,5.0
101.6489524565545,45.886364122908255,5.0
101.59250660492741,45.88328639572776,5.0
101.53608050223517,45.88018131081621,5.0
101.47951777146253,45.87703639778828,5.0
101.42270051849441,45.87384083109837,5.0
101.3657910927194,45.870599403757936,5.0
101.308785763042,45.867307695380454,5.0
101.25163763386772,45.86395862822313,5.0
101.19452320840554,45.86055832824353,5.0
101.13745030760826,45.85710336142626,5.0
101.08023752578747,45.8535784756016,5.0
101.0228944361519,45.84997954741697,5.0
100.9653943789792,45.846300048815266,5.0
100.9078577938217,45.84254297182121,5.0
100.85045027054055,45.83871512810781,5.0
100.79300522091832,45.83480141548719,5.0
100.73546125590417,45.83079297105738,5.0
100.67798265022115,45.82669683014351,5.0
100.6205936999402,45.82251092334578,5.0
100.5631599184916,45.81822128519967,5.0
100.505637855584,45.81381986298497,5.0
100.44808405312462,45.80930616950463,5.0
100.39053644123547,45.804678689381845,5.0
100.33297354096968,45.79993125138314,5.0
100.27541767694036,45.795061239665294,5.0
100.2179265577754,45.79006941875715,5.0
100.16052258565493,45.784953990319885,5.0
100.10321609296057,45.77971231779238,5.0
100.04600993467825,45.774341210168615,5.0
99.98890578412579,45.76883743966706,5.0
99.9318801757741,45.76319529419891,5.0
99.87492214252788,45.757410096945435,5.0
99.81802109025823,45.75147709380979,5.0
99.7610981221975,45.74538390795164,5.0
99.70419742292509,45.73913091864806,5.0
99.64742615179823,45.73272642297344,5.0
99.59068713405365,45.72615607012905,5.0
99.53391114260269,45.719407470067516,5.0
99.47708463293348,45.71247410328959,5.0
99.42020666650626,45.70535080959494,5.0
99.36329382420477,45.698034675768554,5.0
99.30638049144291,45.690525434928524,5.0
99.24963564770808,45.68284207808665,5.0
99.19310609337576,45.674989190617296,5.0
99.13667667166986,45.666948621756774,5.0
99.08019484494017,45.658694603288644,5.0
99.02357722126816,45.65020915246879,5.0
98.96696987249034,45.64150876371426,5.0
98.91044624170186,45.632600979649304,5.0
98.85381680075638,45.6234512716391,5.0
98.79721405685811,45.614075899105956,5.0
98.74073821539798,45.6044881879402,5.0
98.68417835415218,45.594648150702945,5.0
98.62769564553345,45.58457921226907,5.0
98.57148261447585,45.57431413384821,5.0
98.51532779322103,45.56381264359735,5.0
98.45913447797363,45.55305231187682,5.0
98.40320843041592,45.54208922632122,5.0
98.34770738881018,45.53095613567289,5.0
98.29310906381043,45.51975660110432,5.0
98.23958939832292,45.508540404804386,5.0
98.18658928635737,45.49720066222564,5.0
98.13384623327961,45.48568434371292,5.0
98.08105590900169,45.47392321941374,5.0
98.02814361817744,45.461895481631785,5.0
97.9753569689391,45.44965377096524,5.0
97.9224087914264,45.43712745339708,5.0
97.86910341281765,45.424261565414874,5.0
97.8155414070915,45.41107055658216,5.0
97.76185030761123,45.39757802461698,5.0
97.70835686783062,45.38386274371403,5.0
97.6546170903354,45.36980630782343,5.0
97.60016371844817,45.35527220745992,5.0
97.54538976213627,45.340349724350396,5.0
97.49090625128763,45.325200476996145,5.0
97.43679110641844,45.30984903128053,5.0
97.3829382979667,45.29426798526613,5.0
97.32934172884278,45.278457068943816,5.0
97.27591528051163,45.26239139619707,5.0
97.22334982321703,45.2462861996688,5.0
97.17138749481838,45.23007491970041,5.0
97.11867684196392,45.21333027065224,5.0
97.06500836671331,45.19596162871554,5.0
97.01117770308593,45.178208456774,5.0
96.9579138959934,45.16031160648314,5.0
96.90514110529458,45.14225418426242,5.0
96.85214271194648,45.123789836771266,5.0
96.79876183502093,45.104851732285546,5.0
96.7455521469415,45.08562895622754,5.0
96.6930235547231,45.066312140022895,5.0
96.64170644416373,45.04711612390918,5.0
96.59112397634276,45.02788278318848,5.0
96.54091979512134,45.00848643101657,5.0
96.49164083238962,44.98915049936686,5.0
96.44353852227465,44.969995149775855,5.0
96.39572558274178,44.950680863132966,5.0
96.34781244598301,44.931049365275406,5.0
96.30017101175683,44.9112519578431,5.0
96.25312424219364,44.891429881704724,5.0
96.20735326060614,44.871888556744494,5.0
96.16254540247249,44.8525165950708,5.0
96.11807355217574,44.83305443685793,5.0
96.07335973817561,44.8132478784824,5.0
96.02892062272288,44.793323887257486,5.0
95.98581577529356,44.773772405664445,5.0
95.94341590713022,44.754327034716916,5.0
95.90045641964909,44.734407435665844,5.0
95.8572824198804,44.71416384287531,5.0
95.81478408074479,44.6940165751329,5.0
95.7734965685311,44.674236809867494,5.0
95.73351567955802,44.654893450244735,5.0
95.69363418348172,44.635414273855616,5.0
95.65321820886292,44.61548434032227,5.0
95.6123982221192,44.59515772736591,5.0
95.57129051728464,44.57448420362631,5.0
95.52975048263444,44.55338239940058,5.0
95.48759047905939,44.531744651768044,5.0
95.44459126507294,44.50944122665514,5.0
95.4005340098388,44.486335594432475,5.0
95.35600808721777,44.462717060905774,5.0
95.31176948251353,44.43898250226918,5.0
95.26746207319499,44.41494156437513,5.0
95.221912556952,44.38993931976948,5.0
95.17603362917238,44.3644544446813,5.0
95.13104946396324,44.33917221148408,5.0
95.0864094039971,44.313797182858806,5.0
95.04185604882755,44.288186681319104,5.0
94.9988561590358,44.26320272180777,5.0
94.95753183942381,44.23895348198521,5.0
94.91718122877523,44.21505578317056,5.0
94.87805630613936,44.191681331004865,5.0
94.84002943792014,44.16877659795574,5.0
94.80359796765745,44.146666103802374,5.0
94.76851926182175,44.12522819914787,5.0
94.73424236759104,44.104143656835035,5.0
94.70105373552407,44.08360317310785,5.0
94.66797212377581,44.06300825035445,5.0
94.63427908855635,44.04190782860552,5.0
94.6007263401942,44.02076912646354,5.0
94.5678021747243,43.99990547803747,5.0
94.53496681557063,43.97898008548857,5.0
94.50136045557507,43.95744009674592,5.0
94.46743608351322,43.935567849577176,5.0
94.43337445512958,43.91347654372768,5.0
94.39894228837774,43.89101111662572,5.0
94.36458474071803,43.86845991523892,5.0
94.3301240026796,43.84570624854672,5.0
94.29496092882076,43.82234841521426,5.0
94.2590139117422,43.79832042754003,5.0
94.22293652365359,43.774051885908186,5.0
94.187246639537,43.74989378884782,5.0
94.15176919195727,43.72573314778989,5.0
94.11654385259551,43.701601342734925,5.0
94.08059224619443,43.6768248519571,5.0
94.04407302617213,43.651502963166934,5.0
94.00781690781292,43.62620991136221,5.0
93.97072511709185,43.60017513019332,5.0
93.93298974926722,43.5735215635679,5.0
93.89488937763272,43.54643807812736,5.0
93.85593774954069,43.51856912448454,5.0
93.81625477026617,43.48998701947903,5.0
93.77623219999005,43.4609652131051,5.0
93.73586998407563,43.43149880292789,5.0
93.69439107179913,43.4010079503166,5.0
93.65222127864723,43.36978943801717,5.0
93.6095976885252,43.338009343296804,5.0
93.56617201949314,43.30539744152996,5.0
93.5219460167883,43.27194083744404,5.0
93.4769166579605,43.23762306270276,5.0
93.43141947147126,43.20268959187468,5.0
93.38541462811774,43.16710329805849,5.0
93.33916102974432,43.13106086754347,5.0
93.2932172917917,43.0950037156544,5.0
93.24738288029027,43.05878474967508,5.0
93.20154741194385,43.02232384329835,5.0
93.15575826091504,42.98566539572927,5.0
93.10990365564824,42.948726284372626,5.0
93.06445064325455,42.91189286893722,5.0
93.01923836059211,42.875047811815534,5.0
92.97393834937812,42.83793200089481,5.0
92.92914494156155,42.801043389910305,5.0
92.88486044041221,42.76439958392922,5.0
92.84056172112494,42.727578983848424,5.0
92.79621893673672,42.690564014754,5.0
92.75194175245015,42.65345427880932,5.0
92.70758722128507,42.616138036707795,5.0
92.66318808110586,42.57865047562796,5.0
92.61868809271064,42.54095193572823,5.0
92.57396956749989,42.502949947132834,5.0
92.52921593677215,42.46480840352749,5.0
92.4844631895881,42.426567380518236,5.0
92.43974407339309,42.388264758377645,5.0
92.39509661407048,42.349943401582856,5.0
92.35041335636502,42.31152121878824,5.0
92.30556522934592,42.27289683588382,5.0
92.26065560275882,42.23416914120629,5.0
92.21582825525162,42.19547274491758,5.0
92.17099137022939,42.156739152322444,5.0
92.12603600152421,42.11788485330687,5.0
92.08109569932431,42.079036067559635,5.0
92.03633567907545,42.040346503161075,5.0
91.99162843519805,42.00171663951656,5.0
91.94690312805004,41.96309595508743,5.0
91.90221876712883,41.92454605895814,5.0
91.85755541073826,41.8860602604253,5.0
91.81292254215188,41.84765715630712,5.0
91.76828650984824,41.809318167175235,5.0
91.72363564064791,41.77104368191044,5.0
91.67899711263266,41.732867260384104,5.0
91.63435896272229,41.69478874512282,5.0
91.58969159858566,41.65679301466129,5.0
91.5449698781282,41.618868962638615,5.0
91.50018166723764,41.58101669576693,5.0
91.45532031997747,41.54324102934016,5.0
91.41035948204953,41.50553034175521,5.0
91.36529067063418,41.467888266935134,5.0
91.32011122925606,41.43032336534374,5.0
91.27480603471547,41.39283392274284,5.0
91.22936555695661,41.355423058466855,5.0
91.18374798494993,41.31806775042357,5.0
91.13797205666901,41.28079492751457,5.0
91.09205285112978,41.2436280972038,5.0
91.04592065212185,41.20652254003529,5.0
90.99962130085598,41.16952704463396,5.0
90.95323679984936,41.13271761065592,5.0
90.90672803790157,41.096073032887446,5.0
90.86012053782744,41.059623215162866,5.0
90.81346281926983,41.023414809343606,5.0
90.76666121289398,40.987384132502804,5.0
90.71978275433611,40.95159191112286,5.0
90.67286553650717,40.91607476312712,5.0
90.62598216399036,40.88089344015943,5.0
90.57919575168373,40.846098939737196,5.0
90.53223587961884,40.81149622924416,5.0
90.48521251627065,40.77717436544471,5.0
90.43845673196368,40.74337659197288,5.0
90.39172789629964,40.709928907541816,5.0
90.34501563439852,40.67682706219022,5.0
90.29875823122568,40.644378409908526,5.0
90.25271524274697,40.61240789264496,5.0
90.20662544884625,40.580734619605515,5.0
90.16036071495841,40.54927638358068,5.0
90.1139275432489,40.518045061677846,5.0
90.06767562660995,40.487277908264794,5.0
90.02151209968618,40.456911154185704,5.0
89.97505265271928,40.42669686542568,5.0
89.92853045248744,40.39679367549666,5.0
89.88234345288507,40.367454684286024,5.0
89.83593033122676,40.33832287432528,5.0
89.78918589068499,40.30934174873879,5.0
89.74257967009513,40.28080627146422,5.0
89.69623485197131,40.252786421482774,5.0
89.64989877048947,40.22512585079771,5.0
89.60346314511044,40.19776172790694,5.0
89.55683631590864,40.1706447841678,5.0
89.5099773779062,40.14375792109215,5.0
89.46311928119832,40.11723840461059,5.0
89.41641790864068,40.09117186232648,5.0
89.36995792721189,40.06559913944971,5.0
89.32350218661807,40.04038558830767,5.0
89.2769580309863,40.015481800181796,5.0
89.23080312353356,39.991138275050595,5.0
89.18528381333321,39.9674689848089,5.0
89.1399395947224,39.944221942634016,5.0
89.09435991979332,39.921186950644554,5.0
89.04853778202248,39.89836679709817,5.0
89.00353605304662,39.87628167988167,5.0
88.95991118068568,39.85517296968926,5.0
88.91692795140344,39.834657074063124,5.0
88.87468332659745,39.81476191301791,5.0
88.83347382655715,39.795604631391,5.0
88.7923200080685,39.77671632451945,5.0
88.75139328862807,39.758171887688015,5.0
88.71133091900651,39.74024704283976,5.0
88.6713683439735,39.722588394224346,5.0
88.63257524434081,39.705654411391436,5.0
88.5960790472869,39.689901514004845,5.0
88.56132350225593,39.67505190038029,5.0
88.52814489374016,39.66100776442509,5.0
88.49637045466824,39.64767319956113,5.0
88.46571854628095,39.63491228656576,5.0
88.43593601541922,39.622606638788724,5.0
88.40629985595685,39.61045117436291,5.0
88.3763224171362,39.598246988853624,5.0
88.34601911731193,39.586004373309386,5.0
88.31479071009888,39.57348906831098,5.0
88.28318593434561,39.56092942181769,5.0
88.25169207961093,39.54852069944201,5.0
88.21941790412392,39.53591614534839,5.0
88.1861125859718,39.523030448593296,5.0
88.15173603810275,39.50986362332306,5.0
88.11612159227744,39.496369960912276,5.0
88.07955147471948,39.48267458394828,5.0
88.04099763904861,39.46841876360182,5.0
88.00091554411317,39.45380482425634,5.0
87.95996563454527,39.43909798144572,5.0
87.91727811226507,39.42401402354378,5.0
87.87304370872647,39.40865828182863,5.0
87.82751640966028,39.39315348907446,5.0
87.78132603106272,39.37773831175554,5.0
87.73458321868002,39.362464210421905,5.0
87.68699605734314,39.34725307589386,5.0
87.63858885214196,39.33213410375802,5.0
87.59017246754495,39.31736995786406,5.0
87.54320227865159,39.30338097404104,5.0
87.49681113041399,39.28987819585125,5.0
87.45120466715176,39.27690107442736,5.0
87.40751740065225,39.26473636693144,5.0
87.36515998759218,39.25318005034843,5.0
87.32341932273269,39.24201463268065,5.0
87.28118446203754,39.23094013883798,5.0
87.23844614989815,39.21996323641387,5.0
87.19602628412233,39.20929541125396,5.0
87.15369767235724,39.198873567775074,5.0
87.11088623209262,39.18855887914021,5.0
87.06639534416463,39.17808470289516,5.0
87.02043003110352,39.16753317129115,5.0
86.97549147901624,39.15748149819042,5.0
86.93103610772836,39.14778853499059,5.0
86.88576051361468,39.13817180394199,5.0
86.84041866583682,39.12879932855028,5.0
86.79422376395993,39.119516770273165,5.0
86.74673305230125,39.11025800633439,5.0
86.69936669507337,39.1013113885093,5.0
86.65153715871082,39.092567357144546,5.0
86.60147915473449,39.0837338604629,5.0
86.54929429442366,39.07488300187165,5.0
86.49596557251704,39.066223585976175,5.0
86.44117823259859,39.05773852667179,5.0
86.38441145219393,39.0493953390321,5.0
86.3268120819043,39.04140237836609,5.0
86.26987676304265,39.033964470414055,5.0
86.21394237802689,39.027093714113875,5.0
86.15800690584943,39.02064651456677,5.0
86.1013411616738,39.01454490996962,5.0
86.04526087661145,39.00892772342381,5.0
85.99042684430368,39.00382941449976,5.0
85.93664727542658,38.999195475351506,5.0
85.88321024320894,38.994941711988396,5.0
85.8295024798278,38.99101436838999,5.0
85.7758174152399,38.9874341140664,5.0
85.72201432667191,38.98418878703017,5.0
85.66872329576279,38.98130746887218,5.0
85.61609934068005,38.978780218998224,5.0
85.56351972668834,38.97656493781302,5.0
85.51104559266707,38.974658828838535,5.0
85.45836967181279,38.973048233704965,5.0
85.4057360899739,38.97173881833434,5.0
85.35301508346194,38.970724232566845,5.0
85.29985447101181,38.969999964964714,5.0
85.246615371732,38.96957300632138,5.0
85.19305464171659,38.96944207875215,5.0
85.13915707265112,38.969610605382684,5.0
85.08463144142841,38.97008628316083,5.0
85.02911991910568,38.97088627271023,5.0
84.9728015930833,38.972024113280945,5.0
84.91579295001277,38.9735101805227,5.0
84.85817138935748,38.975352845836085,5.0
84.8000184488928,38.977557888621135,5.0
84.74130173570227,38.980134190192274,5.0
84.68227962041719,38.983075191302106,5.0
84.62342187853143,38.98635346898889,5.0
84.56466643310753,38.98996369564694,5.0
84.50584440143568,38.99391016025696,5.0
84.44698336443355,38.99818648318367,5.0
84.38810961144307,39.00278557172165,5.0
84.3292570679697,39.00769889877527,5.0
84.2703654116172,39.01292587589831,5.0
84.21143762092674,39.01846116985532,5.0
84.15254692093863,39.02429199796643,5.0
84.09372646284486,39.03040808218973,5.0
84.03501149426866,39.0367981072993,5.0
83.97653146314639,39.043438816057005,5.0
83.91835996304496,39.05031093654849,5.0
83.86055241373627,39.05739608701363,5.0
83.8031010141282,39.06468327747683,5.0
83.74595173991163,39.0721682456203,5.0
83.68906376167142,39.079846263610406,5.0
83.63248839846622,39.08770047588895,5.0
83.57619174897884,39.09572575973499,5.0
83.52009672137471,39.10392431220742,5.0
83.46413235270407,39.112298923878264,5.0
83.4082452248623,39.12085095827435,5.0
83.35247592062045,39.12956771608678,5.0
83.29681108167254,39.13844467502745,5.0
83.24115875915746,39.14749059895485,5.0
83.18552365450563,39.15669936544974,5.0
83.12981022996877,39.16608194329544,5.0
83.0738966998975,39.17565517237631,5.0
83.01793610930994,39.18538888957598,5.0
82.96214975306384,39.195238565433456,5.0
82.90657167245212,39.20519089839865,5.0
82.85102683688152,39.21527075653272,5.0
82.79545040807352,39.225484616488146,5.0
82.73986806841415,39.2358226266134,5.0
82.68447432281495,39.24624251794523,5.0
82.62920394647938,39.256750006651366,5.0
82.57386822942345,39.267375495826116,5.0
82.518811222436,39.278046898638785,5.0
82.46400812475203,39.28876198771983,5.0
82.40916878734562,39.29957166911482,5.0
82.35422786954169,39.310484144715,5.0
82.29930813531351,39.32147013543895,5.0
82.24467193524531,39.33247121722673,5.0
82.1900954809155,39.343526526862746,5.0
82.13512306211395,39.35472410972351,5.0
82.07976904670072,39.36605757661984,5.0
82.02424761614495,39.37747890043253,5.0
81.96873903403865,39.38894593812411,5.0
81.91317889812439,39.400466699188804,5.0
81.85749971294072,39.41205005550923,5.0
81.80173569418952,39.42368374707672,5.0
81.74608237295013,39.43532154572019,5.0
81.69064539926048,39.44693570861446,5.0
81.6351207628043,39.45858453229207,5.0
81.57978175057333,39.47020536421983,5.0
81.52470731274994,39.481776287649026,5.0
81.46985934560746,39.493300155351726,5.0
81.41550456934972,39.50471601026563,5.0
81.3612199059117,39.516108015543715,5.0
81.30672620130908,39.52752991841237,5.0
81.25219954287088,39.538939877174805,5.0
81.1980754146966,39.55024229802198,5.0
81.14438242317908,39.56142736527068,5.0
81.0905098877764,39.57261806095393,5.0
81.03602852949079,39.58389802464462,5.0
80.98159673798196,39.59512551235607,5.0
80.92776423240046,39.606183609556375,5.0
80.87386442459128,39.6172057381013,5.0
80.81945204680818,39.628277399625595,5.0
80.76468732813818,39.63935963361858,5.0
80.70986904980218,39.65038644794147,5.0
80.6552165671996,39.66130942066928,5.0
80.60079211171842,39.67211265622972,5.0
80.5464162351125,39.68282813615787,5.0
80.49226190985829,39.693418234614306,5.0
80.4383079688671,39.7038841470634,5.0
80.38429396872844,39.71427267942318,5.0
80.3302487517114,39.724573846892376,5.0
80.2760178413897,39.7348122075349,5.0
80.22163547335705,39.744975923307756,5.0
80.16727789077585,39.755027441076074,5.0
80.11301555310482,39.76495012736236,5.0
80.05872011302911,39.77476367324952,5.0
80.00406384566185,39.78452157816107,5.0
79.94889327842517,39.7942431903091,5.0
79.89370560272174,39.80383423130508,5.0
79.83860417799558,39.81327293107135,5.0
79.78294928703684,39.82266235691568,5.0
79.72658898493869,39.83201722595962,5.0
79.6698903783982,39.841266426742926,5.0
79.61315786232481,39.85035371790397,5.0
79.55647779685665,39.85926096678187,5.0
79.49986735394556,39.86798186520363,5.0
79.4430968156827,39.8765469206418,5.0
79.3860923822994,39.88496041605009,5.0
79.32910253858158,39.89317990939662,5.0
79.2721818907018,39.901193816811265,5.0
79.2153524338883,39.90899593543038,5.0
79.15849605789683,39.91659877366183,5.0
79.10189205865998,39.923962504156556,5.0
79.04574206665116,39.93106204008941,5.0
78.98979395746585,39.93793020614014,5.0
78.93404806975019,39.94456619023766,5.0
78.87828010868104,39.95099435561482,5.0
78.82245047322586,39.95721498107243,5.0
78.76687030766803,39.963191242122875,5.0
78.7115384161676,39.968923627084884,5.0
78.65628554442388,39.974428802075394,5.0
78.60114182678407,39.979701873867555,5.0
78.54631441963886,39.98472313083177,5.0
78.49200341641199,39.98947774591413,5.0
78.4380232251467,39.993985701657095,5.0
78.38401214440883,39.99827661696253,5.0
78.32988174631265,40.002353297567204,5.0
78.27586215297235,40.006195367109754,5.0
78.22190939463692,40.00980450432954,5.0
78.16770038233052,40.01319778141504,5.0
78.11331300274533,40.016363609706936,5.0
78.05890129514995,40.01928827531028,5.0
78.0043067544508,40.0219754754253,5.0
77.94920084459906,40.02443201741953,5.0
77.8935994008286,40.026644635020645,5.0
77.83757445633084,40.02859838172001,5.0
77.78118358223429,40.03028013385163,5.0
77.72492550409035,40.031669353360485,5.0
77.66902546859343,40.03276224744836,5.0
77.61304531606982,40.0335670339393,5.0
77.55675049041987,40.03407973938121,5.0
77.50028517951955,40.034290622406374,5.0
77.44386922489488,40.03419425277051,5.0
77.38758131067799,40.033789407156526,5.0
77.3314713897783,40.033076541236674,5.0
77.27546138531562,40.03205449859463,5.0
77.21951815846805,40.030721313794956,5.0
77.16393408142774,40.02908552733477,5.0
77.1089039345361,40.02715994059854,5.0
77.05444819805463,40.02495474577434,5.0
77.00029086684211,40.02246544002714,5.0
76.94615350526323,40.01967986271459,5.0
76.89220206177595,40.01660598466869,5.0
76.83855499809476,40.01325316157799,5.0
76.78492524182184,40.00960423755427,5.0
76.73126989175087,40.00565343054812,5.0
76.6781605807874,40.001445891191736,5.0
76.62586829742465,39.9970155268235,5.0
76.57379284270274,39.992320251316535,5.0
76.52117051593875,39.98728504371769,5.0
76.468288055395,39.98192571706118,5.0
76.41549945216165,39.976273581226934,5.0
76.36278994072185,39.97032634925948,5.0
76.31052353164361,39.96412842707792,5.0
76.25904083166456,39.95773160815776,5.0
76.20753547371537,39.95104179993555,5.0
76.15558892167482,39.94399684207575,5.0
76.10399448471756,39.936700735273256,5.0
76.05258664641259,39.92913374533056,5.0
76.00084505069006,39.921214992910855,5.0
75.94839689416025,39.91287240311634,5.0
75.89577676682316,39.9041775166608,5.0
75.84351569729594,39.89521752631396,5.0
75.79099643294887,39.885884967797246,5.0
75.738493714495,39.87622268753181,5.0
75.6866740740311,39.86635924123206,5.0
75.63499716120238,39.85619927520959,5.0
75.58327108592584,39.84570336283634,5.0
75.53216451220933,39.83501149443876,5.0
75.4814377508403,39.82408322498146,5.0
75.4313314880203,39.81298005773603,5.0
75.38225545015992,39.80181024466968,5.0
75.33387334127802,39.79051525933321,5.0
75.28639154352769,39.7791594082655,5.0
75.23951279451823,39.76768641196952,5.0
75.19252060414702,39.75592429068162,5.0
75.14545711333987,39.7438794303725,5.0
75.09870554013165,39.731650500162914,5.0
75.05211384725989,39.719200939643635,5.0
75.00576385505862,39.706555038427865,5.0
74.95953531554342,39.69368199200646,5.0
74.91293536352106,39.68043960006457,5.0
74.8656614956164,39.66672755346293,5.0
74.81795238424436,39.65259944691252,5.0
74.77023244677547,39.63817298508629,5.0
74.72211629758675,39.62332394483216,5.0
74.67296229523114,39.60783305868646,5.0
74.6233749994139,39.59186818187661,5.0
74.57380241614348,39.5755645203401,5.0
74.52384040891347,39.558780465991816,5.0
74.47377300869032,39.54160079849277,5.0
74.42356673036541,39.52400673054387,5.0
74.37303690344693,39.50592279823845,5.0
74.32246593937656,39.487440498097335,5.0
74.2717948467021,39.468531844921706,5.0
74.22098252158817,39.44917333134358,5.0
74.16994190751053,39.42932133655392,5.0
74.11878402139398,39.409008651501786,5.0
74.06737813084706,39.388172305982934,5.0
74.01563073808934,39.36675917648903,5.0
73.96378286542445,39.344855781030354,5.0
73.91185007204778,39.32245952087089,5.0
73.8600819229082,39.299673293121245,5.0
73.80855536248833,39.27653193985116,5.0
73.75714823514548,39.25298070675385,5.0
73.70569601269078,39.228939031512624,5.0
73.65414383460786,39.204371833876,5.0
73.6027828219534,39.17941254307991,5.0
73.55170035562783,39.15410530966234,5.0
73.50083016972485,39.12841934778218,5.0
73.45025181435487,39.10239709150958,5.0
73.39999350610702,39.07605736490933,5.0
73.35003917704498,39.049396281247404,5.0
73.30032390038313,39.022382151050046,5.0
73.25082191112085,38.99500214988473,5.0
73.20151495491307,38.96724644294428,5.0
73.15245068772548,38.93914263682227,5.0
73.1036581313447,38.91070960616147,5.0
73.05503105522318,38.8818861133092,5.0
73.0066155061373,38.85269884762072,5.0
72.95843648964305,38.823163641057455,5.0
72.91047258554255,38.79326813260918,5.0
72.86269740130756,38.762995590919715,5.0
72.81506889438575,38.732317576208445,5.0
72.76763724842169,38.70126466799127,5.0
72.72041560923735,38.66984496046863,5.0
72.6734062274296,38.63805967938386,5.0
72.62662926125304,38.60592258608806,5.0
72.58008632220269,38.57343531966681,5.0
72.53378240212028,38.5406019747474,5.0
72.4877188528151,38.5074241951412,5.0
72.44189885321406,38.47390499299054,5.0
72.39633311471744,38.44005317948816,5.0
72.35102512351517,38.40587258781558,5.0
72.30597425517735,38.371364004084704,5.0
72.26118228665915,38.336530022097676,5.0
72.2166443329243,38.30136794929979,5.0
72.17237805445208,38.26589308653446,5.0
72.128404674687,38.23012468956929,5.0
72.08469923607954,38.19404458453239,5.0
72.04123511918185,38.15763162818718,5.0
71.99801042256033,38.12088429203504,5.0
71.95506549653052,38.0838378297911,5.0
71.91241796056393,38.046509799745316,5.0
71.87003891634784,38.00887695437256,5.0
71.82793165271649,37.97094357420866,5.0
71.78609274456913,37.93270788429073,5.0
71.74449199265506,37.894142660866585,5.0
71.70312697512809,37.85524509085265,5.0
71.66205499436934,37.816069877233616,5.0
71.6213297516291,37.77667203069698,5.0
71.58093069503316,37.737036386801044,5.0
71.54081912404277,37.69712809555653,5.0
71.50099775945309,37.65695198671095,5.0
71.46147504882467,37.61651900533455,5.0
71.42222977654433,37.57580949277878,5.0
71.38326396453454,37.5348270202494,5.0
71.34456542271393,37.49355990667299,5.0
71.30612432172177,37.45199811169466,5.0
71.26795704469075,37.41015992376018,5.0
71.23008278345598,37.36806797923496,5.0
71.1925321188874,37.32575937213127,5.0
71.15528237179697,37.28321191890197,5.0
71.11831436397294,37.240405795401934,5.0
71.08162690479752,37.197341049145045,5.0
71.04520539010883,37.15400142252212,5.0
71.00904298463529,37.110378918292625,5.0
70.97315054998911,37.066486838810185,5.0
70.93754767377214,37.022350297294615,5.0
70.90223483017786,36.977971691691835,5.0
70.86721555042482,36.933357400001675,5.0
70.83249186486493,36.88851214143889,5.0
70.79805309124683,36.843423948093466,5.0
70.76389765548264,36.79809214205529,5.0
70.73003554123817,36.752531648326155,5.0
70.69648011663251,36.70676299049963,5.0
70.66323700331156,36.66079711594933,5.0
70.63029095430097,36.61461590875498,5.0
70.59763241668739,36.56820803373817,5.0
70.56526095599271,36.52157455429687,5.0
70.53317116350718,36.47470912904902,5.0
70.50136031314972,36.427608893803026,5.0
70.4698376191429,36.38028886262523,5.0
70.43859459527333,36.33273769134709,5.0
70.40762554158049,36.2849474964117,5.0
70.37693855838604,36.23693165213614,5.0
70.34652198484193,36.188672607403184,5.0
70.31638850985824,36.14019121619876,5.0
70.28654981356893,36.09150808077033,5.0
70.25698228499895,36.04258595781293,5.0
70.22766516389713,35.993389693009476,5.0
70.19865603825373,35.94401682290545,5.0
70.17001192058422,35.894570872799974,5.0
70.14170579968572,35.845013409133536,5.0
70.11366402741709,35.79521894017367,5.0
70.08583635126509,35.74509547422504,5.0
70.05824745601826,35.69468322324491,5.0
70.03096839873706,35.64411265338934,5.0
70.00405961314112,35.59350356541355,5.0
69.97748655896156,35.54280049145311,5.0
69.95111837839366,35.49175438237447,5.0
69.92500562552058,35.440459228965956,5.0
69.89928651280813,35.389193476636386,5.0
69.87387984017656,35.33780583646108,5.0
69.84877840383949,35.286287520897844,5.0
69.82401819296553,35.234720236106035,5.0
69.79957488430773,35.1830622548088,5.0
69.77542791556459,35.13127667693983,5.0
69.75153649309314,35.07927898794769,5.0
69.72799530552513,35.02728198783778,5.0
69.70500523857906,34.975755929366244,5.0
69.68262859573707,34.92488507347865,5.0
69.66065540852809,34.8742281880442,5.0
69.63892414450962,34.823425996988306,5.0
69.61754496725707,34.77274648323453,5.0
69.59665774160813,34.722548752485814,5.0
69.57617687614986,34.67265909390888,5.0
69.55609939714714,34.623097385131956,5.0
69.53656430222017,34.57424361224883,5.0
69.51734778538842,34.52557020698055,5.0
69.49831956939406,34.476757231565024,5.0
69.47980203868828,34.42865490857187,5.0
69.46183264464814,34.381407519657394,5.0
69.44418590983999,34.334457719836365,5.0
69.42681756721161,34.28770697424033,5.0
69.40959327715166,34.24080223120077,5.0
69.3924057575603,34.193444772262175,5.0
69.37544499579371,34.14615685311938,5.0
69.35885649114944,34.09936517349658,5.0
69.34263042197477,34.05307246779174,5.0
69.32673233896038,34.007208546019136,5.0
69.31108239423696,33.961564354142695,5.0
69.2954709461682,33.91553171446626,5.0
69.2798517038599,33.86896084155442,5.0
69.26456462827758,33.822871463903844,5.0
69.24958285779994,33.77720982747713,5.0
69.23472531234087,33.73143801320275,5.0
69.2201160348876,33.68594891620603,5.0
69.20575687533774,33.640767777686676,5.0
69.19145760432174,33.59530352031162,5.0
69.17724664751536,33.549643592649836,5.0
69.16322487485625,33.504118034943275,5.0
69.14914641713577,33.4579247541902,5.0
69.13479421658012,33.41031462649258,5.0
69.12017646207711,33.36125929276866,5.0
69.10546698081099,33.31129664447814,5.0
69.09087410056047,33.261117943911636,5.0
69.07643136710148,33.21084226011445,5.0
69.06195930552124,33.15983619160375,5.0
69.04758954953819,33.10855086718611,5.0
69.03350234875948,33.057644795713536,5.0
69.01951981554058,33.00649121809443,5.0
69.00562366062897,32.955022383801634,5.0
68.99186796025857,32.90344147126721,5.0
68.97829076971,32.851903180751286,5.0
68.96489182084258,32.80042278745902,5.0
68.95168493537798,32.74907181158637,5.0
68.93861365353327,32.69764602615124,5.0
68.925611859559,32.64589004526391,5.0
68.91274765758918,32.59408063262578,5.0
68.89996382928787,32.54199467946916,5.0
68.887171951181,32.489266111276166,5.0
68.87432812065427,32.43569566566506,5.0
68.86150151068698,32.3815560659964,5.0
68.84876467516895,32.32715233944588,5.0
68.83615980093886,32.272675965816624,5.0
68.82361488339747,32.2178250515447,5.0
68.81102555241522,32.162135622140546,5.0
68.79847026385764,32.10594539254735,5.0
68.78608597479274,32.04988144587425,5.0
68.77385872701673,31.993908630039225,5.0
68.76178264189858,31.93802725404824,5.0
68.7499499542455,31.882700930225443,5.0
68.73825692800962,31.827480905705773,5.0
68.72665651782206,31.772168062592154,5.0
68.71522624251759,31.717158939221495,5.0
68.70394582330292,31.66238862739507,5.0
68.69277621147778,31.607695731287812,5.0
68.68176773755476,31.553356440980906,5.0
68.6709801056975,31.499703911699598,5.0
68.66029891935857,31.44620314785991,5.0
68.64965221464682,31.392514736066985,5.0
68.63908373590458,31.33887929607194,5.0
68.62856479846874,31.28517307232582,5.0
68.61803990164242,31.23113032409783,5.0
68.60750701988182,31.176756306491267,5.0
68.59694462905549,31.121955861610008,5.0
68.58633820997593,31.066669554617604,5.0
68.57572950569926,31.01113405085542,5.0
68.56513837899769,30.955476651513873,5.0
68.55457113093912,30.89975588945173,5.0
68.54403350219147,30.844028626798263,5.0
68.53351239846782,30.788252548858804,5.0
68.5229969115494,30.732396705514336,5.0
68.51247201316323,30.676408265361705,5.0
68.50192046267934,30.62022280065355,5.0
68.4913445012507,30.563880256629528,5.0
68.48075897622161,30.507488529962814,5.0
68.47015072172897,30.45100669382947,5.0
68.4594861397166,30.394285815644345,5.0
68.44875602195218,30.337308136051522,5.0
68.43797466050304,30.28018145465724,5.0
68.42715722056434,30.223017726447782,5.0
68.41630907825235,30.16587623889554,5.0
68.405433021087,30.108801770436425,5.0
68.39452906267367,30.051823619632675,5.0
68.38359476956093,29.99495746739076,5.0
68.37262546200176,29.938206670792972,5.0
68.36161428105491,29.8815629499429,5.0
68.35055226179804,29.825007190547584,5.0
68.33943759007865,29.768556652362022,5.0
68.32826643425271,29.712217584037923,5.0
68.31700475736994,29.655845572060546,5.0
68.30561934176816,29.59930574500718,5.0
68.29411008723872,29.542630970592242,5.0
68.28247017366238,29.48582087869648,5.0
68.27067749394476,29.42880251857289,5.0
68.25872044795868,29.371557056477158,5.0
68.24662102766375,29.31422516926406,5.0
68.23441284475891,29.25699480846196,5.0
68.22207242161963,29.199782040062797,5.0
68.2095557392996,29.14241439721026,5.0
68.19684722075198,29.084857077509746,5.0
68.18395331012962,29.027175503565946,5.0
68.17088605819681,28.96945626399593,5.0
68.15766116205565,28.911796581696198,5.0
68.14430005763228,28.854311821257834,5.0
68.13083081636933,28.79713724944403,5.0
68.11728830323321,28.740426551748214,5.0
68.10371305820593,28.68434532752683,5.0
68.09016197567904,28.629112782665203,5.0
68.07660915295224,28.57460382452188,5.0
68.06287041166588,28.52008022913228,5.0
68.04889088480874,28.465351264499443,5.0
68.0347545379674,28.41076825847026,5.0
68.02048317793817,28.356425360262968,5.0
68.0060980885922,28.30240795907348,5.0
67.99162180554835,28.24879963669831,5.0
67.97715255974083,28.19595038449916,5.0
67.96264401041809,28.14367207266949,5.0
67.94785814648858,28.091115919474717,5.0
67.93273705166385,28.03811287038574,5.0
67.91752263712614,27.985528546926336,5.0
67.90232559247832,27.93372826293455,5.0
67.88691386757546,27.881915283827084,5.0
67.87116639384442,27.82970921494969,5.0
67.85511357699043,27.7772447895089,5.0
67.83882320179038,27.724767013221406,5.0
67.82239384710105,27.67260038297062,5.0
67.8057912160957,27.62063634646053,5.0
67.788909826225,27.568557095716546,5.0
67.77170611260719,27.516252921813265,5.0
67.75387812531186,27.462860047766245,5.0
67.73526856875365,27.408002626402567,5.0
67.71623831296003,27.35281961843281,5.0
67.69686329409718,27.297562607978186,5.0
67.67673093339403,27.241116282338236,5.0
67.65598193050366,27.183960684068797,5.0
67.63519464939245,27.127702474508116,5.0
67.61411672420587,27.071639922014953,5.0
67.59270990372138,27.015679889275763,5.0
67.57133640831749,26.96074875458827,5.0
67.55026960532308,26.90747674396744,5.0
67.52927774845733,26.855208397459467,5.0
67.50792006742151,26.802832503891,5.0
67.48640782031845,26.75087112544415,5.0
67.46520763265596,26.700407134761,5.0
67.44482849214295,26.652548018244,5.0
67.42541429467502,26.607502102995202,5.0
67.40677355603101,26.564715713329235,5.0
67.38840427713762,26.522972990129443,5.0
67.37027116199154,26.482159664073034,5.0
67.35221758870388,26.441899429797186,5.0
67.33432089092004,26.40234558360226,5.0
67.31704472797458,26.36448454071734,5.0
67.29958607071875,26.32653272933262,5.0
67.28154762718883,26.28764628559068,5.0
67.2637538518243,26.249606835704757,5.0
67.24650320068443,26.213017825713475,5.0
67.22916933256917,26.176529066091053,5.0
67.2114398311767,26.139491927481252,5.0
67.19330264140093,26.101900601397006,5.0
67.17475511655277,26.063769461103934,5.0
67.15566884912468,26.024858812517625,5.0
67.13585939111722,25.984828049925817,5.0
67.11528043408617,25.943628110876205,5.0
67.09451447268565,25.902450002550218,5.0
67.0741427564367,25.86242734537401,5.0
67.05402681528818,25.82325457611578,5.0
67.0337627770358,25.78413202664223,5.0
67.0126570657537,25.74374452357317,5.0
66.9912488650693,25.703152920347495,5.0
66.97005208508494,25.663324117221258,5.0
66.94920519491356,25.624489665941166,5.0
66.92869312391466,25.586591076990626,5.0
66.90826098565465,25.549136986650346,5.0
66.88782208648887,25.511958852190176,5.0
66.8671548330222,25.474652847772475,5.0
66.84641349407698,25.437498529079505,5.0
66.82567332152824,25.40062549688859,5.0
66.80472522781601,25.363660474332896,5.0
66.78340221878481,25.326317118366926,5.0
66.76189401805989,25.288935236441745,5.0
66.7402834431063,25.251658933634175,5.0
66.71807884225996,25.213650902119102,5.0
66.6952555136977,25.174893196558962,5.0
66.6724458523178,25.13646753900388,5.0
66.64975892625394,25.098545567272208,5.0
66.62689965948972,25.0606271757269,5.0
66.60338522769109,25.021924483470777,5.0
66.57929360521263,24.982589151644905,5.0
66.55543350103352,24.94394156793493,5.0
66.53167050038095,24.905746871550054,5.0
66.50772642170607,24.867551648593317,5.0
66.48377702953553,24.829632646216073,5.0
66.45969585596343,24.791784894510872,5.0
66.43503824595528,24.75331803332649,5.0
66.40998301504506,24.714525476101617,5.0
66.38479580681495,24.675822321722375,5.0
66.3594810179978,24.637212736163136,5.0
66.33388682402604,24.59846588771783,5.0
66.3078443702548,24.559333934454784,5.0
66.28136946402668,24.519851596482944,5.0
66.25411058980082,24.479512987082355,5.0
66.22628844234623,24.43866580806094,5.0
66.19832788934714,24.39793963701772,5.0
66.17010052976984,24.357146183646044,5.0
66.14157325961087,24.316239880548995,5.0
66.11284172597776,24.275358568454298,5.0
66.08372034021933,24.234240657235123,5.0
66.05420581286027,24.19288783537709,5.0
66.02410370176791,24.151037934352505,5.0
65.9933742305058,24.108650590788756,5.0
65.96196995796365,24.065676766732345,5.0
65.93004376622677,24.022339276558704,5.0
65.8978457895545,23.97898199235295,5.0
65.86538872281906,23.93562037764863,5.0
65.83267986492504,23.892261988245068,5.0
65.79966785138842,23.84883730263295,5.0
65.76636899145076,23.80536686222208,5.0
65.73258115839259,23.761589297811703,5.0
65.69845897343392,23.717708001714673,5.0
65.66420095266753,23.67397426188937,5.0
65.62970923494127,23.63025720420687,5.0
65.59503342870049,23.586614636731596,5.0
65.56015464587361,23.543017141066244,5.0
65.52494763177673,23.49930489587319,5.0
65.4896471328787,23.455764152283557,5.0
65.45432279140485,23.412470751612183,5.0
65.4186204649878,23.368985158748536,5.0
65.38234869073473,23.32507668556355,5.0
65.34554316907335,23.280792837875822,5.0
65.30843563419896,23.236412260366226,5.0
65.27106704118046,23.191979500770245,5.0
65.23352028172064,23.14758679220804,5.0
65.19568920238622,23.103102478038284,5.0
65.15743315733039,23.058357957715735,5.0
65.11873287685216,23.0133290217404,5.0
65.07957458157766,22.967997821685856,5.0
65.04005323005211,22.922470969555654,5.0
65.00021510402662,22.876796398519616,5.0
64.96035327822598,22.831300809806688,5.0
64.92058259755828,22.78610193620407,5.0
64.88076041302006,22.74102497330251,5.0
64.84093801324563,22.69611641452855,5.0
64.80120849413355,22.651468761439396,5.0
64.7615360225792,22.607029205048622,5.0
64.72190391429193,22.562767270723572,5.0
64.68220346593108,22.518550855319923,5.0
64.64238275784513,22.474312491973482,5.0
64.60248217425045,22.43008743704168,5.0
64.56247717925666,22.38583876363473,5.0
64.5223401784924,22.34152638398868,5.0
64.48204315668256,22.29710988818582,5.0
64.44157765236189,22.252570398433267,5.0
64.40098599857974,22.20794463480324,5.0
64.36027537149488,22.163230293020618,5.0
64.31952377400155,22.118502541012106,5.0
64.27877611825022,22.073799934425107,5.0
64.23806503332325,22.02914750105847,5.0
64.1975187025921,21.984675145339423,5.0
64.1570466817701,21.940273225031895,5.0
64.11646601790974,21.895730541244237,5.0
64.07586493824437,21.85113325787904,5.0
64.03538729168669,21.80662903338076,5.0
63.9949620366749,21.76212966855393,5.0
63.954667411664985,21.71771134642746,5.0
63.91466873606778,21.673547364946124,5.0
63.87507899035327,21.62975500329088,5.0
63.835686979217506,21.586093321164025,5.0
63.796275922373,21.54231307855663,5.0
63.757021609387856,21.498600439034007,5.0
63.717888948456064,21.45490806030387,5.0
63.67893991215142,21.411297185205864,5.0
63.640398436897435,21.368012695039347,5.0
63.60187109368159,21.324606067061648,5.0
63.56332183213239,21.2810269699815,5.0
63.52502216833247,21.237574382835472,5.0
63.48662164492498,21.193842098289245,5.0
63.44857855772749,21.1503443937989,5.0
63.411028248776425,21.1072340369622,5.0
63.37335221456563,21.06379476325899,5.0
63.33562900469836,21.02010554340143,5.0
63.29828598722578,20.976654831168776,5.0
63.26128634196306,20.933397752058926,5.0
63.22458342353568,20.890277179664277,5.0
63.18881031234714,20.848041482057997,5.0
63.1540195900122,20.806765896731097,5.0
63.11994131914997,20.766141385431794,5.0
63.08599005679665,20.72547194284245,5.0
63.05201085326969,20.684565421516584,5.0
63.018299773249566,20.643773369662625,5.0
62.98479054461633,20.603013654333225,5.0
62.95158344741795,20.562406930242968,5.0
62.91820960185225,20.521373801336914,5.0
62.88447358483813,20.479658636945302,5.0
62.850953409191604,20.43796557308164,5.0
62.81734325937627,20.395907323996465,5.0
62.78373327548001,20.353586302117268,5.0
62.75051092565975,20.31148735719493,5.0
62.71736583245316,20.269215493405277,5.0
62.68444082927908,20.226948550697045,5.0
62.651679157117854,20.184610838195034,5.0
62.619082159137896,20.142200393552564,5.0
62.58694169045564,20.100098530174083,5.0
62.55557058111824,20.058727664932476,5.0
62.52500052085693,20.018148581173694,5.0
62.49558399065278,19.978854746366032,5.0
62.46712674214008,19.94061454057119,5.0
62.43864559602076,19.902115596886063,5.0
62.41039035113338,19.86369281717582,5.0
62.382405942637746,19.82540941058949,5.0
62.35427737568801,19.786693745774382,5.0
62.32640398031523,19.748091271628414,5.0
62.29888983045168,19.709750592060832,5.0
62.27174239992639,19.671688698642054,5.0
62.244927114997424,19.633863423804037,5.0
62.218273756284304,19.596037635234847,5.0
62.19176054005434,19.55818021823568,5.0
62.164927025453764,19.519624995565394,5.0
62.138313117510094,19.481140212489827,5.0
62.1122177502475,19.443166020208373,5.0
62.08614955348343,19.404991894888266,5.0
62.06023064713483,19.36679451038912,5.0
62.03429954117478,19.328332976369495,5.0
62.00877848027997,19.2902357127395,5.0
61.9845437541854,19.253837397583194,5.0
61.96187188323146,19.219598738874428,5.0
61.939979687948764,19.18637109909634,5.0
61.91824372479395,19.153219582650873,5.0
61.89677685786574,19.120320078403058,5.0
61.87581146334288,19.088037577954637,5.0
61.855590513261404,19.056761666203634,5.0
61.83629220849646,19.026788406736113,5.0
61.817534599222135,18.997541409528164,5.0
61.79893769462282,18.968435296464556,5.0
61.78032604187859,18.93919597572763,5.0
61.761318210321285,18.90921801906783,5.0
61.7421348933289,18.878841069780805,5.0
61.723703946841795,18.849540366858484,5.0
61.706409841145614,18.82194854366661,5.0
61.68951197446473,18.794900034675575,5.0
61.671950083634805,18.76669403432815,5.0
61.65378472231544,18.737412762165366,5.0
61.63558849607018,18.707970765030442,5.0
61.61721045801327,18.678120213048263,5.0
61.59859452177569,18.64776370289764,5.0
61.57979962032096,18.616990865150285,5.0
61.560414508494475,18.585116774639477,5.0
61.54029672352827,18.551886758563498,5.0
61.519463996048636,18.517305926887012,5.0
61.49826684406586,18.4819362553738,5.0
61.4766720429831,18.445706820365107,5.0
61.454221903405674,18.407823907409938,5.0
61.43098460711565,18.368366618354532,5.0
61.407091954461166,18.327523958381867,5.0
61.38265457099603,18.28545320390497,5.0
61.35744455194224,18.241724696361626,5.0
61.33165961373727,18.19664044504336,5.0
61.30539097285586,18.150324284295767,5.0
61.27839823681527,18.102309583951225,5.0
61.25087615603499,18.052895520063046,5.0
61.22276459279249,18.001928031114783,5.0
61.19429475629129,17.949783561865782,5.0
61.1657187087719,17.896897195682484,5.0
61.136998193496595,17.84317898716199,5.0
61.10900571172309,17.790274761507753,5.0
61.08183461274669,17.73841245622769,5.0
61.05472573723114,17.68616922425234,5.0
61.02779548959299,17.633772344835414,5.0
61.00132734533132,17.58179158407975,5.0
60.975545419492136,17.53070385973108,5.0
60.95025868648132,17.480168130021365,5.0
60.92524680032203,17.429767287375295,5.0
60.900599965459946,17.379702202777853,5.0
60.87630591731484,17.329969709344446,5.0
60.852367122459526,17.280596308847702,5.0
60.82830420752117,17.230600231308042,5.0
60.80390094696097,17.179518216944754,5.0
60.77942057612354,17.127889039245996,5.0
60.754998418512656,17.07599880330399,5.0
60.7306301572547,17.023843716536646,5.0
60.706157956344526,16.971086880531704,5.0
60.68177206397995,16.918141066042025,5.0
60.65755340702023,16.865193537648352,5.0
60.633342026228895,16.81190428852812,5.0
60.6092004514038,16.758418424082727,5.0
60.58498532402553,16.704424164479253,5.0
60.56066910572397,16.649861924226585,5.0
60.53640234341541,16.595075736616234,5.0
60.5122508310058,16.540227090099858,5.0
60.48818993840996,16.485274660497048,5.0
60.46412233183768,16.430008230062963,5.0
60.440049663475,16.374442098233708,5.0
60.416004786052554,16.31866427088281,5.0
60.39198916208517,16.262691863897185,5.0
60.36795930463184,16.206437080150188,5.0
60.343894286734646,16.14986399975315,5.0
60.31986052681963,16.093143579433512,5.0
60.29589080268889,16.03637045210756,5.0
60.271976385332316,15.979542051148268,5.0
60.248127145711116,15.922700283773779,5.0
60.22435355675179,15.865889069601666,5.0
60.20063230491314,15.809071627712054,5.0
60.17697366223187,15.752291446756612,5.0
60.15341765299731,15.695663911341445,5.0
60.12996988899068,15.639221935465546,5.0
60.1066500593263,15.58303204399635,5.0
60.08347292737682,15.527148486921648,5.0
60.060442549418966,15.471599019905112,5.0
60.03758903975287,15.416473419315178,5.0
60.01492080668364,15.361808079369908,5.0
59.992383860242995,15.307487913503401,5.0
59.96996094969826,15.253485720447157,5.0
59.94768682243843,15.199898629954665,5.0
59.92565394189765,15.14696083836903,5.0
59.9038452432507,15.094641351673483,5.0
59.88203838073132,15.042417441656099,5.0
59.86006918910954,14.989909484670406,5.0
59.83795985769837,14.937185557226309,5.0
59.81589040238773,14.884687859751219,5.0
59.79378581635304,14.832249299913666,5.0
59.77137067757918,14.77923225700166,5.0
59.748809470580085,14.726043480156637,5.0
59.726231077224085,14.673000124493361,5.0
59.70358396723159,14.61999282782048,5.0
59.680920015052635,14.56715426394074,5.0
59.65821385819022,14.514435590214847,5.0
59.635534149650724,14.462005106067814,5.0
59.612862269641596,14.409827038210413,5.0
59.59012073188654,14.357731721576021,5.0
59.56742896580262,14.305999969693579,5.0
59.54479315949844,14.254649722539165,5.0
59.5221198695941,14.203474156097318,5.0
59.49961177413382,14.152932809100921,5.0
59.47724329763725,14.102965570227449,5.0
59.45456996576488,14.052587314754756,5.0
59.43160009646559,14.001834604226833,5.0
59.408272356863584,13.950591526020979,5.0
59.38478938778073,13.899319271034829,5.0
59.36173141553527,13.849279764321341,5.0
59.338840165176755,13.79989862916534,5.0
59.3158313758503,13.750562576700641,5.0
59.29314504536097,13.702210648697418,5.0
59.27094325197043,13.655168353221725,5.0
59.24909297606103,13.609133602561965,5.0
59.22749750985601,13.56388832016456,5.0
59.206010329503144,13.519116955358948,5.0
59.18498097840616,13.475534753661108,5.0
59.16460055101487,13.433513316157798,5.0
59.145002697885175,13.39329859865272,5.0
59.126556766966395,13.355611990409583,5.0
59.1089465236301,13.319773488047588,5.0
59.091756596008544,13.284918134930104,5.0
59.07512994634638,13.251321441113978,5.0
59.05880151129292,13.218435830489929,5.0
59.042572740345115,13.18585599554144,5.0
59.02650735321513,13.153706268118372,5.0
59.010234068091684,13.121243956365436,5.0
58.994014396294745,13.088992408030155,5.0
58.97802210637472,13.057293274100646,5.0
58.96176579750251,13.025172626880341,5.0
58.94507014369531,12.992292627827007,5.0
58.92799529687577,12.958782132691416,5.0
58.91052758155207,12.924624408968842,5.0
58.89234808022337,12.889211192956989,5.0
58.87333777671005,12.85233374288844,5.0
58.85387319549803,12.814742636810397,5.0
58.83433812377876,12.77718669306403,5.0
58.81478618140905,12.739768941787428,5.0
58.794698596177604,12.701504633636468,5.0
58.77388980353412,12.662061317865886,5.0
58.75261912821653,12.621950915553626,5.0
58.73079370601791,12.58101596616097,5.0
58.70827826526855,12.539025581041546,5.0
58.68515742669153,12.496162144539527,5.0
58.66137494856018,12.452345990260588,5.0
58.636912769281565,12.40757076601933,5.0
58.61195781805512,12.362201966554979,5.0
58.58667203708181,12.316548851441333,5.0
58.561154908213695,12.270799193722693,5.0
58.53517573929135,12.224550670151833,5.0
58.50871003897744,12.177777334179188,5.0
58.48187098794087,12.13069447836115,5.0
58.45477028324909,12.083507275011021,5.0
58.42732753371536,12.036083939109023,5.0
58.39947029493475,11.988311266755531,5.0
58.37159348585665,11.94086984304175,5.0
58.343554999589905,11.89351444918518,5.0
58.314892569165615,11.845476453203625,5.0
58.285367442273945,11.796386032762191,5.0
58.25513856354036,11.74654016535919,5.0
58.2245630786934,11.69654634542196,5.0
58.193685381850635,11.646484376188907,5.0
58.16263918444903,11.596573160253882,5.0
58.13165217273214,11.547171048794574,5.0
58.10048253136355,11.497885385881057,5.0
58.068992671928605,11.448501456435826,5.0
58.03726780856997,11.399156955906546,5.0
58.005336129319275,11.349896737004881,5.0
57.973335772617176,11.30093067463386,5.0
57.94113570112494,11.252054890490045,5.0
57.90862968696397,11.203110583603104,5.0
57.87592401650208,11.154260118283865,5.0
57.84307403669529,11.105584533785404,5.0
57.810104043703426,11.057116344288511,5.0
57.7771035202786,11.008981082651756,5.0
57.74416081539629,10.961297811806265,5.0
57.71108450558672,10.91378223196176,5.0
57.6777844485838,10.86630389776122,5.0
57.64441635929477,10.819082483072819,5.0
57.611038013949276,10.772193004479222,5.0
57.57776308934549,10.72578515786701,5.0
57.54460771394488,10.67986926776761,5.0
57.51149823427042,10.634332761094354,5.0
57.478410696803365,10.589134352440208,5.0
57.44511216304561,10.543952461206917,5.0
57.41145305940046,10.498587746914835,5.0
57.37755032532065,10.453201917168258,5.0
57.34348744122335,10.40790711716279,5.0
57.30923869424879,10.362668478447695,5.0
57.2747272767082,10.317385648394259,5.0
57.23995928492248,10.272068899159533,5.0
57.205103414555325,10.226937298113674,5.0
57.170155318792965,10.18198161360882,5.0
57.13499284474861,10.137043292071818,5.0
57.09963077609032,10.092141586270179,5.0
57.0640902336234,10.047303051119867,5.0
57.028396630867356,10.002558715291778,5.0
56.99259122360152,9.957958206360583,5.0
56.95660602032898,9.913415188978655,5.0
56.92043303846072,9.86891933073821,5.0
56.88415468570722,9.824570402263769,5.0
56.84778573028611,9.78038341897265,5.0
56.81133545661081,9.736366334533951,5.0
56.774807254619596,9.692519809044429,5.0
56.738165794894726,9.648798535378555,5.0
56.70141105452382,9.605200144404222,5.0
56.66459471752215,9.56178293303072,5.0
56.62772391283822,9.518551565359015,5.0
56.590776730923324,9.47547689817072,5.0
56.553739562180354,9.432540158112438,5.0
56.516604065063994,9.389729113630437,5.0
56.4793614379415,9.34703132480546,5.0
56.44198790807234,9.304417692830024,5.0
56.4044796751627,9.261882408985988,5.0
56.366848323705355,9.219437056951561,5.0
56.329089675588996,9.177075300391785,5.0
56.29121341613877,9.134806337652162,5.0
56.253229005401295,9.092638857194626,5.0
56.21513987510761,9.050574680280986,5.0
56.17695247631932,9.00861886344081,5.0
56.13866281112649,8.966764954444118,5.0
56.10027215146213,8.925012349107602,5.0
56.061794183533436,8.883373808884336,5.0
56.02324644155261,8.84186588890795,5.0
55.98462456445789,8.800481382641978,5.0
55.94592981322954,8.759219213613616,5.0
55.90716680286336,8.71808186375013,5.0
55.868342179890284,8.677073883425262,5.0
55.829434619801134,8.636170441247014,5.0
55.790436560133365,8.595361604958565,5.0
55.751364116785425,8.554662209467544,5.0
55.71221138958199,8.51406401907452,5.0
55.67297391873347,8.473560453873409,5.0
55.633648187254785,8.433146034888075,5.0
55.59423204206217,8.392816782726518,5.0
55.55472415591408,8.352569632002643,5.0
55.51508648050438,8.312364486690043,5.0
55.47529852141512,8.272179746600743,5.0
55.43537597782243,8.232030497619478,5.0
55.39533747098759,8.191934406096754,5.0
55.35521306161522,8.151920116028542,5.0
55.31501614475956,8.111999186440507,5.0
55.274803951510584,8.072226112913286,5.0
55.23454935340352,8.032571526536318,5.0
55.194175344159426,7.99295790222276,5.0
55.15369053585775,7.953392578658616,5.0
55.11312315133796,7.913901754150692,5.0
55.07248940634098,7.874499512077016,5.0
55.031746027470945,7.835142415087575,5.0
54.99093902824386,7.795873435663787,5.0
54.95014103490465,7.7567601513781765,5.0
54.9093529235062,7.717800616771357,5.0
54.86855142999687,7.678970044889862,5.0
54.827699574414524,7.640231143791541,5.0
54.786790954705985,7.601576076167617,5.0
54.745820434224655,7.56299832771058,5.0
54.70479168572107,7.524499731744435,5.0
54.66372521130134,7.486097771188381,5.0
54.62259783027333,7.44776906074337,5.0
54.581370189676484,7.409475634560305,5.0
54.540041030846204,7.371215298125983,5.0
54.498598739701364,7.332976360541885,5.0
54.457041433512934,7.29475623210158,5.0
54.415363496241696,7.2565489428773855,5.0
54.37356057210356,7.21834975519682,5.0
54.33166262052717,7.180185152605793,5.0
54.2897069298676,7.142087827054519,5.0
54.24769726426995,7.104059705670379,5.0
54.20562448608707,7.066091076325827,5.0
54.16352992607223,7.028217641010786,5.0
54.12144164231158,6.990462699193469,5.0
54.07933214710875,6.952799680926381,5.0
54.03714155813231,6.915173602290969,5.0
53.99487145880694,6.877584767541556,5.0
53.95258134681802,6.840084678900204,5.0
53.91028702455381,6.802685587615305,5.0
53.86798717083179,6.765384523784038,5.0
53.82566937979643,6.728168843074277,5.0
53.7832897953061,6.6909985653603075,5.0
53.74083466846054,6.653860505949775,5.0
53.69832077930168,6.616768213425205,5.0
53.655746191436904,6.579718811289351,5.0
53.61315623012507,6.542750374911062,5.0
53.570564306500856,6.505872938773951,5.0
53.527919534781546,6.469041023450975,5.0
53.485201710263226,6.432236075938959,5.0
53.442410300349,6.395456629708488,5.0
53.39954711226007,6.3587032309316465,5.0
53.356593153619436,6.32195866203988,5.0
53.31358663533445,6.28525460434086,5.0
53.270559300953494,6.24861687464064,5.0
53.22747893376584,6.2120167807922995,5.0
53.18433700290457,6.175445982346461,5.0
53.14115332909447,6.138920153243253,5.0
53.097942210425884,6.102450142252888,5.0
53.054691651295414,6.066024583670946,5.0
53.01139556592984,6.029637186019491,5.0
52.96805674220022,5.993289146456149,5.0
52.92467889554706,5.956982420891198,5.0
52.881266159346225,5.920719290541524,5.0
52.83782245763619,5.884501836932655,5.0
52.79434156601225,5.848323691283455,5.0
52.750834853353204,5.812193125428377,5.0
52.70730319293561,5.776109647255701,5.0
52.66374000947558,5.740066616273181,5.0
52.620153870933976,5.704069933581652,5.0
52.57654374821623,5.668117547410127,5.0
52.5329088946104,5.632207653935431,5.0
52.48924904645525,5.59633885870963,5.0
52.44557372256969,5.560517786186133,5.0
52.401875150042436,5.524736868594086,5.0
52.35813917346811,5.488983388617127,5.0
52.314366709674474,5.4532570082135425,5.0
52.27055632669826,5.417555475221099,5.0
52.22670715516622,5.381877005825279,5.0
52.182820208297855,5.346221350372516,5.0
52.13889814682231,5.310589588919629,5.0
52.09494483938544,5.274983764163722,5.0
52.05096511557008,5.239406674248913,5.0
52.006964458079445,5.203861619013979,5.0
51.96294845393222,5.1683519548409524,5.0
51.918922148787495,5.132880575907044,5.0
51.87487589328101,5.097438544706066,5.0
51.830795196303335,5.062013088856289,5.0
51.786690619658735,5.02661159159995,5.0
51.7425756259068,4.991243707289386,5.0
51.69846122887951,4.955917069838567,5.0
51.65434651507835,4.92062973651895,5.0
51.610211019817605,4.885364167112005,5.0
51.56604424968498,4.850110859346058,5.0
51.521843786029976,4.814866782894584,5.0
51.47761111319009,4.779632018135676,5.0
51.43335075290964,4.744409049191199,5.0
51.389054027263185,4.709189852979838,5.0
51.344714325504135,4.673968071809096,5.0
51.30035421515402,4.638760500556243,5.0
51.255993290061916,4.603581495840752,5.0
51.21163541203244,4.568432892888501,5.0
51.167304165141594,4.533332118050106,5.0
51.12299244408426,4.4982722667231165,5.0
51.078658530340725,4.463219108264921,5.0
51.03429080366014,4.428162284526454,5.0
50.98988599926462,4.3930980503790815,5.0
50.94545634276453,4.358034874303069,5.0
50.9010509607766,4.323010275915164,5.0
50.856684987660756,4.288034884440176,5.0
50.8123380705445,4.253091352619691,5.0
50.767975343725496,4.218150944869342,5.0
50.72358679995094,4.18320453939757,5.0
50.67911495984054,4.148205671689887,5.0
50.634536908339186,4.11313511880274,5.0
50.58991999815723,4.078044628716538,5.0
50.54526607163134,4.042934356055448,5.0
50.50057347211236,4.007801685360024,5.0
50.455885354062,3.9726791958614553,5.0
50.41126720562323,3.937616973170937,5.0
50.366724794737095,3.902618151425258,5.0
50.32224791582827,3.8676733202055775,5.0
50.27784408927601,3.8327870023432626,5.0
50.23344943808761,3.7979076304159607,5.0
50.18902454954091,3.7630028467342465,5.0
50.144612801102895,3.728105324830242,5.0
50.10016538100734,3.693175283788773,5.0
50.05568802590522,3.6582157763688925,5.0
50.01126099555783,3.623288436151875,5.0
49.96688894754819,3.5883954937507854,5.0
49.92256144522239,3.5535273047226195,5.0
49.878265031541844,3.5186718288197767,5.0
49.83401832960439,3.4838422601330254,5.0
49.7896727757989,3.4489201000068084,5.0
49.745176953466746,3.413863128736831,5.0
49.70061854185401,3.3787386697281616,5.0
49.65601554229651,3.3435591972482697,5.0
49.611434578315574,3.308375586385816,5.0
49.56688923060017,3.273196939287937,5.0
49.5223907098169,3.2380305058147383,5.0
49.47794499746706,3.2028794177504114,5.0
49.43355146802092,3.1677415816271752,5.0
49.38920483549048,3.1326111962760037,5.0
49.34489582437499,3.097479263982142,5.0
49.300611883770536,3.062334136689025,5.0
49.256332287545376,3.0271575983348993,5.0
49.212024162580875,2.9919216530242765,5.0
49.167788474163714,2.9567047964646274,5.0
49.12370214401328,2.9215667708817694,5.0
49.0797475198458,2.8864921267760044,5.0
49.03583033184553,2.8514040515278243,5.0
48.99175357877615,2.8161429559659545,5.0
48.94751522112112,2.780704526694788,5.0
48.903088449134096,2.7450644381559055,5.0
48.85845527383007,2.709205190346924,5.0
48.81378890753218,2.673263140759878,5.0
48.769218647377734,2.637340225416707,5.0
48.72474883798465,2.601438170533592,5.0
48.680352167284255,2.565533080830247,5.0
48.6360414434831,2.5296334163107455,5.0
48.59182949845658,2.4937477368649716,5.0
48.54780910434706,2.45794982212276,5.0
48.5039141925445,2.42218451786471,5.0
48.45993578765583,2.3862792413728267,5.0
48.41587282742667,2.3502300602714867,5.0
48.371848572396765,2.314135088211959,5.0
48.327938525826816,2.2780541552926237,5.0
48.284152836139235,2.241993822742189,5.0
48.240494813495545,2.2059550857733776,5.0
48.196929629301046,2.1699073367627673,5.0
48.153324458883205,2.133738124628518,5.0
48.10968636437077,2.097450184924429,5.0
48.0661334590638,2.061139069138788,5.0
48.02255697224556,2.0247114105365327,5.0
47.97895783199997,1.988164754690068,5.0
47.93549779128785,1.9516321427643057,5.0
47.892225406165544,1.9151528178298007,5.0
47.84915636096425,1.8787387527290722,5.0
47.806296878412695,1.8423940903772884,5.0
47.76364926386108,1.8061197374502296,5.0
47.721210065833205,1.769911730993701,5.0
47.67895376755579,1.7337471459633012,5.0
47.636674585096856,1.6974474685213945,5.0
47.594294156574996,1.6609413888446865,5.0
47.55202622510479,1.6244096504290413,5.0
47.509985838039306,1.5879501807785563,5.0
47.4681280553196,1.551522929499371,5.0
47.426390134683054,1.515071579990444,5.0
47.38475073459808,1.4785752480697145,5.0
47.3431811573405,1.4420061846016,5.0
47.30164816571029,1.40533210099773,5.0
47.2600650777646,1.3684725260708803,5.0
47.21834169963886,1.331342227861216,5.0
47.176316461061276,1.293790107823555,5.0
47.13406016647428,1.2558710915255658,5.0
47.09180368263302,1.2177859688472996,5.0
47.04957181470949,1.179552527643573,5.0
47.00738570080359,1.1411855812940699,5.0
46.96527971782443,1.102712423834097,5.0
46.92328642950104,1.0641593232826272,5.0
46.881429040823775,1.0255445215299155,5.0
46.839721201137095,0.9868778307941235,5.0
46.79817352884333,0.9481665010789102,5.0
46.756796266196595,0.9094176486601475,5.0
46.71559319584274,0.8706325012879975,5.0
46.674559366637766,0.8318040516174319,5.0
46.63368518120255,0.7929207023219648,5.0
46.59295757153535,0.7539672429046609,5.0
46.55236105368712,0.7149257429440125,5.0
46.5118831659083,0.6757807392953961,5.0
46.47139766685037,0.6364050628971045,5.0
46.430894113641514,0.5967817648601604,5.0
46.39053546298398,0.5570649977888131,5.0
46.350217867140614,0.5171478399296415,5.0
46.30985877558187,0.4769414071143203,5.0
46.26958008944861,0.4365602131925251,5.0
46.22940699022439,0.39602422943699533,5.0
46.18932892139948,0.3553175606070988,5.0
46.149371376150235,0.31446089884754796,5.0
46.10955310816982,0.2734686780109764,5.0
46.06988981714082,0.23235267609357585,5.0
46.03039303856875,0.19112074703570625,5.0
45.990998887418314,0.14970120380637097,5.0
45.95169952794139,0.1080795598278107,5.0
45.91260370842056,0.06636611588274424,5.0
45.873758753254556,0.02460885539627025,5.0
45.83515672544933,-0.017202654060521877,5.0
45.79678351247333,-0.05908597552246378,5.0
45.758619182054844,-0.10106574791028972,5.0
45.72064208728196,-0.14316944407019977,5.0
45.6828203453362,-0.18543711961304224,5.0
45.64524923369397,-0.22776599373044412,5.0
45.607911231122074,-0.27017815986574156,5.0
45.57075986413417,-0.31273001126678635,5.0
45.53378783180457,-0.3554346525850801,5.0
45.49692589109842,-0.39837848940805376,5.0
45.460197381968584,-0.4415419428110169,5.0
45.42361301657426,-0.4849196442794348,5.0
45.387183087805944,-0.528506458140841,5.0
45.35091517772459,-0.5723002800755089,5.0
45.31478965720383,-0.6163323483163943,5.0
45.27878132433105,-0.6606422966946283,5.0
45.24294295198041,-0.7051738513365161,5.0
45.20733615175174,-0.7498566954022483,5.0
45.17202454614941,-0.794614317851605,5.0
45.137031539865404,-0.8394182391994061,5.0
45.10230625304564,-0.8843355183908018,5.0
45.06781240367722,-0.9294173852900534,5.0
45.03348402570562,-0.9747573516289381,5.0
44.99932504097438,-1.0203596437403877,5.0
44.965348632732905,-1.0662160522126556,5.0
44.93152594446789,-1.1123758872614031,5.0
44.89787439955808,-1.1588266535199088,5.0
44.86444661641407,-1.205505379552487,5.0
44.83118680624026,-1.2525002834155357,5.0
44.79804454889197,-1.2998971590214472,5.0
44.76508848494427,-1.3476126464864002,5.0
44.73236290740647,-1.395594214402078,5.0
44.69987492639106,-1.4438418027063584,5.0
44.66764680077528,-1.4923321970112862,5.0
44.63568889731259,-1.5410589276791713,5.0
44.60401723606858,-1.5900061563589851,5.0
44.572643727640234,-1.6391633948722752,5.0
44.541571674042835,-1.6885332087884293,5.0
44.510803108045565,-1.7381203532676814,5.0
44.48034113832666,-1.7879280782341251,5.0
44.45019915343762,-1.8379424959922428,5.0
44.420380406825274,-1.8881659192945448,5.0
44.390933624393554,-1.9385218116520975,5.0
44.36187228318756,-1.988989719014678,5.0
44.33320415120714,-2.039557740960748,5.0
44.30498547404846,-2.090124718503913,5.0
44.27721387748495,-2.1406897058483256,5.0
44.24989780307471,-2.1912314038072114,5.0
44.22314285078627,-2.241541122512418,5.0
44.19690888083987,-2.2916761707063302,5.0
44.17109682383153,-2.34181538244895,5.0
44.145759068586386,-2.3918487608578047,5.0
44.120890438262634,-2.4417746071016095,5.0
44.096433680847895,-2.4916993859291714,5.0
44.07233404133533,-2.54173362580923,5.0
44.04858007134666,-2.5919045250113366,5.0
44.02523432812511,-2.6420798071767626,5.0
44.00232407068578,-2.692193827558818,5.0
43.97975838663267,-2.7424429555856045,5.0
43.957550293980056,-2.7928018516704705,5.0
43.93576484214352,-2.8431203159452068,5.0
43.91447466770341,-2.8932156228296386,5.0
43.89376419953871,-2.9428590018771854,5.0
43.87356365309913,-2.9921842884214147,5.0
43.853845170034454,-3.0412327655560727,5.0
43.83465817753443,-3.0898507738782666,5.0
43.815901626654274,-3.138266529395419,5.0
43.797496886777616,-3.186670744205152,5.0
43.77957038849627,-3.2347126923116214,5.0
43.76207132589157,-3.282501203424267,5.0
43.74496793342531,-3.3301023460463126,5.0
43.72818435731591,-3.377716610352962,5.0
43.71156719981184,-3.4257935856746333,5.0
43.695103560390706,-3.4744062519891705,5.0
43.678820911271345,-3.5235115626414575,5.0
43.6629401127532,-3.572452691909882,5.0
43.64743656690858,-3.6212888506186043,5.0
43.63216925818906,-3.670469941354017,5.0
43.617283388433236,-3.719533525356208,5.0
43.60289175549655,-3.7680734247942143,5.0
43.58908002708377,-3.8157316197356543,5.0
43.57588313911295,-3.8622941514913465,5.0
43.56307035441524,-3.9085070291525694,5.0
43.5505461006431,-3.954694596694628,5.0
43.538396352876724,-4.000518739240115,5.0
43.52668482165562,-4.045690029329691,5.0
43.51529333626862,-4.09062075128096,5.0
43.50421075498197,-4.1353307624689135,5.0
43.493544517292015,-4.1793419497977125,5.0
43.48309195407777,-4.223460563685981,5.0
43.472650674508984,-4.268589509652178,5.0
43.46229228970185,-4.314503360054644,5.0
43.45205215541654,-4.361118273303585,5.0
43.44183370061727,-4.408976350064865,5.0
43.431645453137136,-4.458185892003029,5.0
43.42150335379726,-4.508843567811744,5.0
43.411517907777856,-4.560565280732867,5.0
43.40187092367653,-4.612496145760547,5.0
43.39259975820344,-4.664444069969088,5.0
43.38357507240176,-4.717191813035484,5.0
43.37481438209066,-4.770769523219075,5.0
43.36643979540016,-4.824512374700826,5.0
43.358461601204745,-4.878370536699938,5.0
43.350889834085244,-4.932281820361468,5.0
43.34376284969467,-4.985938957714947,5.0
43.337153189102835,-5.03864751064683,5.0
43.331018913822575,-5.090522866932031,5.0
43.32529402365611,-5.141959831622981,5.0
43.31994734027237,-5.1931410169777825,5.0
43.31497333718411,-5.244037395335121,5.0
43.31037865676838,-5.294466293081543,5.0
43.30615082261655,-5.344416571497471,5.0
43.30227200351127,-5.393951135058144,5.0
43.29872748891118,-5.44311976982388,5.0
43.29549525565036,-5.492123732060406,5.0
43.29256191728671,-5.541119803910088,5.0
43.2899442520897,-5.589733606334757,5.0
43.28761755965075,-5.638314958687122,5.0
43.285560951753844,-5.687398918226189,5.0
43.28377175574282,-5.737455695023155,5.0
43.282285592583165,-5.787954780049517,5.0
43.28112781758781,-5.837993471576469,5.0
43.28028809833843,-5.887379754513531,5.0
43.279745850999454,-5.936892760706913,5.0
43.2795040074182,-5.987133485392709,5.0
43.27957358351952,-6.037306180878725,5.0
43.27995088381338,-6.087332618299056,5.0
43.28064330219512,-6.1378131090273484,5.0
43.28164124968831,-6.18798561146151,5.0
43.282925806798744,-6.237523436506088,5.0
43.28451030589003,-6.287203388995818,5.0
43.28639794423717,-6.337041028025488,5.0
43.28856579050562,-6.386517943906093,5.0
43.291024550825384,-6.435995445694373,5.0
43.29385123146526,-6.48673703597671,5.0
43.29704965121751,-6.538356531358725,5.0
43.30059672790106,-6.590260305703001,5.0
43.30451885021595,-6.6426954752768665,5.0
43.30883707427736,-6.695755215776384,5.0
43.313556384400925,-6.749327598949848,5.0
43.31861189074763,-6.802648054676764,5.0
43.32398508939728,-6.855617047268671,5.0
43.32969967625074,-6.908530830580788,5.0
43.335818761509685,-6.961930359137341,5.0
43.3423722542167,-7.015956147783729,5.0
43.349245577772955,-7.0696404807474815,5.0
43.35642399405059,-7.12295060033442,5.0
43.36398411764141,-7.176478084769142,5.0
43.371914374053624,-7.230117151195027,5.0
43.38023984585503,-7.2840111878234,5.0
43.38896851867943,-7.338173143302287,5.0
43.3981058262572,-7.3925986140096045,5.0
43.40771033180601,-7.447576457980582,5.0
43.41781264547349,-7.503193767576965,5.0
43.42838682903077,-7.559231669538947,5.0
43.43936254309392,-7.615289794083133,5.0
43.45078310076397,-7.671576494613489,5.0
43.46268325577709,-7.728226436338482,5.0
43.47504597491382,-7.785121745159033,5.0
43.48783044778713,-7.8420601565464345,5.0
43.50102029973137,-7.898972254244125,5.0
43.514664332559654,-7.95606351198891,5.0
43.5287375260878,-8.013218860384871,5.0
43.5432123685587,-8.070329656459274,5.0
43.55805998741347,-8.127296816672423,5.0
43.57326336760996,-8.184077230985018,5.0
43.58881929083009,-8.240682027448422,5.0
43.60470488738096,-8.297052810245203,5.0
43.62089259393845,-8.353121991058687,5.0
43.637382675342124,-8.408921389571931,5.0
43.65417198383018,-8.464468003695114,5.0
43.671255963397684,-8.519772327800583,5.0
43.688605927309,-8.574768645694853,5.0
43.70622390472118,-8.629491008297377,5.0
43.72417140802472,-8.684147597069591,5.0
43.7424641952255,-8.738792901068832,5.0
43.76106008050725,-8.793309707205863,5.0
43.77993548279195,-8.847643882989452,5.0
43.799123385146274,-8.901903112558951,5.0
43.8186590533362,-8.95619215018425,5.0
43.83851040657903,-9.010426164796902,5.0
43.858614595747255,-9.06444596484023,5.0
43.87902146473212,-9.118398162435179,5.0
43.899696070606275,-9.172200766420463,5.0
43.92062023408702,-9.225820288942186,5.0
43.94178192550525,-9.279240946216857,5.0
43.9631671560147,-9.332443199236705,5.0
43.98470667432137,-9.385275111313046,5.0
44.006376795510114,-9.437703541082682,5.0
44.02835159902243,-9.49016308648761,5.0
44.05057895713511,-9.542534187129583,5.0
44.07308978370243,-9.594895600116347,5.0
44.09580092260445,-9.647062479939407,5.0
44.11862085625451,-9.698842407262578,5.0
44.14177978934344,-9.75076693996192,5.0
44.16524872319046,-9.80276916185842,5.0
44.18894799146827,-9.854676371102412,5.0
44.21294072826388,-9.906631357360833,5.0
44.23713103397135,-9.958432303490456,5.0
44.26154725737885,-10.010148640477817,5.0
44.286355272144505,-10.062131221094498,5.0
44.31136915634325,-10.113990921105865,5.0
44.33637431279713,-10.16530043452947,5.0
44.36145121525515,-10.216246871108476,5.0
44.38663993206093,-10.26692739576188,5.0
44.41209150326466,-10.317653506147025,5.0
44.43780224901197,-10.368419652575561,5.0
44.46351555041401,-10.418730208610475,5.0
44.489312771555895,-10.468760930266336,5.0
44.515399669405014,-10.51891688735162,5.0
44.54169980536488,-10.569052655220968,5.0
44.568226793835414,-10.619197734781826,5.0
44.59489989464232,-10.669205013131622,5.0
44.6216198007515,-10.718899009620534,5.0
44.64861551031632,-10.768712039694972,5.0
44.67579181437947,-10.818470757303006,5.0
44.70317298482378,-10.868223878982826,5.0
44.73071738298009,-10.917900347513008,5.0
44.75820157232404,-10.967108576141362,5.0
44.78586298161109,-11.0162841495851,5.0
44.813790451809346,-11.065586947266262,5.0
44.84158878006738,-11.11432853797321,5.0
44.86945606592306,-11.162869692511071,5.0
44.89756544119479,-11.211516385263254,5.0
44.9257489517265,-11.259982083226536,5.0
44.95431672735443,-11.308801079937187,5.0
44.98292631053943,-11.357389818968947,5.0
45.011566877591704,-11.405738830044228,5.0
45.04044636822289,-11.454203755614213,5.0
45.06952226346722,-11.502714483185892,5.0
45.09886409064791,-11.551387756005681,5.0
45.12816301852554,-11.599716511251975,5.0
45.15748897579254,-11.64782548691666,5.0
45.186986487515085,-11.695956980419888,5.0
45.216421723429825,-11.743735980739682,5.0
45.245852690435854,-11.791265831582256,5.0
45.27535479825376,-11.838674948674337,5.0
45.30489398154469,-11.885914313290874,5.0
45.33454881946538,-11.933114433749811,5.0
45.36426760226058,-11.980197289197294,5.0
45.394135434235785,-12.027301382142717,5.0
45.42406069966559,-12.074285886463517,5.0
45.45410277835845,-12.121248034475054,5.0
45.48425102920955,-12.168174423088818,5.0
45.51447469327954,-12.215020865367844,5.0
45.544977240029546,-12.262104121856002,5.0
45.57558587435586,-12.309158465173628,5.0
45.60641168540169,-12.356356447308787,5.0
45.63752467060369,-12.403804808347461,5.0
45.66883411455179,-12.451365084185653,5.0
45.70014412775645,-12.498743010198428,5.0
45.73141279218864,-12.545881078878509,5.0
45.76284611459757,-12.593093736282903,5.0
45.7943672204779,-12.640267894455674,5.0
45.82599449449832,-12.687434022538149,5.0
45.85773291866616,-12.734602195929638,5.0
45.889517947513546,-12.781679681703697,5.0
45.92146545405693,-12.828840710406478,5.0
45.95358485104788,-12.876100527278124,5.0
45.98583479012826,-12.92339994677287,5.0
46.0180463763562,-12.970494840600724,5.0
46.05028384001275,-13.017483535043969,5.0
46.08267798876582,-13.064559263244364,5.0
46.11505360813157,-13.111470293589853,5.0
46.14739164048485,-13.158193442205025,5.0
46.17968108260425,-13.204717323237803,5.0
46.2120892417117,-13.251286135280901,5.0
46.24459414262359,-13.297870245264066,5.0
46.27717745274562,-13.344445596265038,5.0
46.30982795478855,-13.390998542974895,5.0
46.34241128327333,-13.437340873529815,5.0
46.37503389459032,-13.483627453338338,5.0
46.40761139177237,-13.52974173321143,5.0
46.4402067321177,-13.57577607175765,5.0
46.47292025639209,-13.621874294304712,5.0
46.50555791812227,-13.667765607622442,5.0
46.538253686200825,-13.713641320343084,5.0
46.57114365109471,-13.759693664364855,5.0
46.60412819125682,-13.805784220358174,5.0
46.63720421825628,-13.851910321450578,5.0
46.67023935267618,-13.897889722653316,5.0
46.70333812835889,-13.94387037205907,5.0
46.73651498673123,-13.98987411057422,5.0
46.76960593099676,-14.035676034640632,5.0
46.80268351367077,-14.08137943907163,5.0
46.83576338243687,-14.127008310539113,5.0
46.86894762695835,-14.17270523143264,5.0
46.902209578417555,-14.218434873741671,5.0
46.93552712475749,-14.264168433008509,5.0
46.968922539405845,-14.309938055313696,5.0
47.00229964381083,-14.355613780184338,5.0
47.0356704755342,-14.40121423540858,5.0
47.06900315938369,-14.446698039332238,5.0
47.10241143271769,-14.492222199980791,5.0
47.1359317255265,-14.537837580476157,5.0
47.16954614736826,-14.583520983756916,5.0
47.20326259111281,-14.629284317787974,5.0
47.23704932387775,-14.675085770707437,5.0
47.27094624029709,-14.7209806487339,5.0
47.30489447474857,-14.766890531621467,5.0
47.33885751047312,-14.812767606695251,5.0
47.37282252237241,-14.858596245017317,5.0
47.40676999039801,-14.904351864619846,5.0
47.440668848715006,-14.949994454077531,5.0
47.474538882653725,-14.995552497398073,5.0
47.50846445004728,-15.041140988878668,5.0
47.54240128328556,-15.08670184176796,5.0
47.57627889354204,-15.132142083744897,5.0
47.610172932727366,-15.177564798445513,5.0
47.64406931216082,-15.222952543263506,5.0
47.677977838449806,-15.268319874189444,5.0
47.71189752160055,-15.313666850704944,5.0
47.74573582196893,-15.358871307867714,5.0
47.77963951777493,-15.404130739226515,5.0
47.81358193328571,-15.44941070297173,5.0
47.84751798210793,-15.494652343942638,5.0
47.88154637617172,-15.539988445715915,5.0
47.91559371572445,-15.585322357646323,5.0
47.949665517205275,-15.6306626684068,5.0
47.983731511399476,-15.675970367396383,5.0
48.01779585520628,-15.721252276234454,5.0
48.0518947775696,-15.766557778136331,5.0
48.08596633472172,-15.811805818343661,5.0
48.1200254454337,-15.857017499417793,5.0
48.15412532025142,-15.902264653532038,5.0
48.18827397787762,-15.947559049114231,5.0
48.22243974732564,-15.992859831904541,5.0
48.25662186354813,-16.038167170424018,5.0
48.290843467046315,-16.083512897997508,5.0
48.32507515025864,-16.1288592144472,5.0
48.35930547512639,-16.174192163355706,5.0
48.393538630292824,-16.2195184876937,5.0
48.427778833680456,-16.264844959631976,5.0
48.462031161271504,-16.310179479774526,5.0
48.49628938532351,-16.355514987268517,5.0
48.53055240408707,-16.400851209844003,5.0
48.564809429997524,-16.446175063311408,5.0
48.59907525231824,-16.491507304215588,5.0
48.633349463120204,-16.536848582918537,5.0
48.66763472272678,-16.58220361344841,5.0
48.701915378860946,-16.6275528908302,5.0
48.73618854551661,-16.67289380172499,5.0
48.77050855460849,-16.718299440355615,5.0
48.80484380478986,-16.7637292324126,5.0
48.839177184197936,-16.809161772863156,5.0
48.873486749237166,-16.854569256348608,5.0
48.907772257611356,-16.899952590216117,5.0
48.9420234266101,-16.945299389770728,5.0
48.97624253132582,-16.990613891987284,5.0
49.010460770790814,-17.03593866249955,5.0
49.044663920840456,-17.081256132372005,5.0
49.07889513064166,-17.126624780464144,5.0
49.11309131816978,-17.1719623087319,5.0
49.14727393348198,-17.21729843956956,5.0
49.181498565592946,-17.262708275738472,5.0
49.21570371711015,-17.308111614171512,5.0
49.24983207982018,-17.353433658080025,5.0
49.28390335265555,-17.398701798765934,5.0
49.31807819778794,-17.444130976753744,5.0
49.352252355086975,-17.489584191145475,5.0
49.38631322500619,-17.534912981292116,5.0
49.42042612437236,-17.580338748666843,5.0
49.45463734576721,-17.625924913867415,5.0
49.488969628274795,-17.671703736103233,5.0
49.52331809735044,-17.71753725133891,5.0
49.55757170638757,-17.763278781434572,5.0
49.59184332441658,-17.809080571512403,5.0
49.62603069779592,-17.854807532547593,5.0
49.66013625952459,-17.900464278775704,5.0
49.6941750819128,-17.94607239571909,5.0
49.728188922831755,-17.991689393717138,5.0
49.76222589671699,-18.03738161615736,5.0
49.79613059406867,-18.082942004377163,5.0
49.83011333015901,-18.128654918742363,5.0
49.86410769306452,-18.174433220670235,5.0
49.89788852520116,-18.21997508377327,5.0
49.93152262896615,-18.265371459729547,5.0
49.9651803416235,-18.310853883623125,5.0
49.99895612825085,-18.35655254643404,5.0
50.032585731012254,-18.402111943666544,5.0
50.066154216017814,-18.447648759821362,5.0
50.09986691738408,-18.49344406748174,5.0
50.133647278742515,-18.539396985328665,5.0
50.16744367332239,-18.585440006257816,5.0
50.20109891251163,-18.63136092303792,5.0
50.23482133331139,-18.677446197461826,5.0
50.26862171305967,-18.72371378341537,5.0
50.30226759125238,-18.76984779690367,5.0
50.3358900546177,-18.81602986963454,5.0
50.36938383567883,-18.862117456074078,5.0
50.40275069353992,-18.908114533796226,5.0
50.43598351439215,-18.954012832148038,5.0
50.469289142164946,-19.000100633623248,5.0
50.50274248372893,-19.046485830886567,5.0
50.53599429508369,-19.092687016673928,5.0
50.569021884139346,-19.138673392323412,5.0
50.601807447742935,-19.18442062359029,5.0
50.63457302459015,-19.230240187278266,5.0
50.66731176799047,-19.27612553082339,5.0
50.700064034191165,-19.322136546027224,5.0
50.73294410245316,-19.36843825717249,5.0
50.76574681687402,-19.414745794259648,5.0
50.79850839910523,-19.461113253243376,5.0
50.83126475656679,-19.507595029588607,5.0
50.86425081192821,-19.554530262639847,5.0
50.89743382684981,-19.601880054975137,5.0
50.930393837687234,-19.64904945293589,5.0
50.96312153598219,-19.69602590731181,5.0
50.99586233485037,-19.743164470872088,5.0
51.028603395747375,-19.79045160672251,5.0
51.06117214726151,-19.83764147965508,5.0
51.09337094757557,-19.884447688457314,5.0
51.12552516283674,-19.93134433361367,5.0
51.157583405726925,-19.978260281502973,5.0
51.189332031375855,-20.024884097937168,5.0
51.22088031033372,-20.071376375228304,5.0
51.25227324005891,-20.1178051110943,5.0
51.28358177582194,-20.164278184378112,5.0
51.314569112105744,-20.210445256384688,5.0
51.34580358636533,-20.25715798322403,5.0
51.37752859109203,-20.304795114238377,5.0
51.40930707398267,-20.352713728897438,5.0
51.44135834164267,-20.401255904857138,5.0
51.47371576590687,-20.45048777090549,5.0
51.50623081142967,-20.500198321346982,5.0
51.5389532096513,-20.55047808739121,5.0
51.57180781966729,-20.601226638986887,5.0
51.60485807217774,-20.652557779253005,5.0
51.63836131416982,-20.70489385486756,5.0
51.67229597454456,-20.75823015129401,5.0
51.70628930421987,-20.81200430785542,5.0
51.740415610452146,-20.866352859272716,5.0
51.774858086061336,-20.921593671366995,5.0
51.80942815828532,-20.97745235963107,5.0
51.84426691055954,-21.034186120905645,5.0
51.87904002509587,-21.091276969497926,5.0
51.91326354146599,-21.14793603266791,5.0
51.94687321782772,-21.20404738671772,5.0
51.98031869967629,-21.26036255040334,5.0
52.014341705501565,-21.318166927840686,5.0
52.04856374525346,-21.376868982577523,5.0
52.08240659032903,-21.43550063709827,5.0
52.116021610324836,-21.494334537106624,5.0
52.14927653797796,-21.553150817700047,5.0
52.182153952348784,-21.61192526527934,5.0
52.21510032626399,-21.671480101247397,5.0
52.24747571142505,-21.730676214220257,5.0
52.27923218350209,-21.789415397357203,5.0
52.31084955817225,-21.848592828826128,5.0
52.34184889469333,-21.907320097380605,5.0
52.37213343489127,-21.965395398164105,5.0
52.40192527050826,-22.023230925577273,5.0
52.430851732762875,-22.08008122584076,5.0
52.458624888209584,-22.135325239079325,5.0
52.48558257552284,-22.189580523617813,5.0
52.511680838340205,-22.24271653032296,5.0
52.53652352987581,-22.293862938683834,5.0
52.5603958531979,-22.343537518401156,5.0
52.58430146310664,-22.393815928294767,5.0
52.60891041489902,-22.446173400839925,5.0
52.633588232125454,-22.49933606382255,5.0
52.65820543328218,-22.553067871187764,5.0
52.68311199857386,-22.608194312806386,5.0
52.708432644449886,-22.66509296932597,5.0
52.734952354720306,-22.725716743802494,5.0
52.76235328657403,-22.789610552979376,5.0
52.789591209397194,-22.85453438241703,5.0
52.81673338149179,-22.920773128360263,5.0
52.843684801493964,-22.988238955027533,5.0
52.8702631526932,-23.056608980572168,5.0
52.896912861966754,-23.12722967666026,5.0
52.92316401762042,-23.19909966752443,5.0
52.948293146064806,-23.27030643587999,5.0
52.97281112816589,-23.342339282041074,5.0
52.99727787737237,-23.41715103883626,5.0
53.02110651775574,-23.4933355733952,4.997402637765669
53.04379401439312,-23.569448766778358,4.952002340545256
53.06594017110058,-23.6477662358544,4.906181940937793
53.088218107035274,-23.731615922566323,4.859929556526777
53.11008002394103,-23.820466635462,4.813232733955525
53.130566020772726,-23.911766101040488,4.766078409766189
53.14968887109601,-24.00699119476222,4.718452867716052
53.16733187953808,-24.10823140658628,4.67034169217588
53.182921891750965,-24.216925745985527,4.621729717161605
53.195466575811295,-24.334179855197313,4.5726009704885815
53.203436366810436,-24.457363436962655,4.522938612465523
53.20560902208208,-24.586001452740238,4.472724868461056
53.20057601435698,-24.7205675996097,4.421940954577345
53.186852183966174,-24.85924153811586,4.370566995549528
53.162943001150474,-25.001227445178674,4.318581933853434
53.12734342959287,-25.145289540260567,4.265963428842738
53.07909298997948,-25.288777472056008,4.212687744545295
53.017785414103706,-25.429141956800155,4.158729624520035
52.94347137750285,-25.564188578779888,4.110593897712644
52.85663714496949,-25.69197168487168,4.090296462862505
52.75873893953661,-25.81024710378635,4.095155312372091
52.6510821283217,-25.91797498426188,4.111069929754631
52.53439627402317,-26.014938253301015,4.138447648445433
52.410287421432265,-26.10033818854344,4.165645437445956
52.28083451442962,-26.1736135188214,4.192666798364151
52.147744311766274,-26.23489721555715,4.219515120685775
52.01242878371262,-26.284679129449792,4.246193686737179
51.876248475365415,-26.323593793304482,4.272705676369186
51.73999101028322,-26.352488046062874,4.299054171380985
51.603936302327654,-26.372212852625303,4.32524215970147
51.46968554621758,-26.383446966866682,4.351272539344074
51.33952655172066,-26.387152244681225,4.377148122149925
51.215016774091914,-26.384618512360714,4.4028716373330035
51.09623153205061,-26.37710722769246,4.428445734839955
50.981854514176185,-26.365507060768724,4.453872988536267
50.87320568741111,-26.350790729730313,4.4791558992296485
50.77189863858863,-26.334083298832542,4.504296897540675
50.678194407201254,-26.31629542930332,4.529298346630009
50.590343482591756,-26.297756427785668,4.554162544790877
50.505205393997315,-26.278179269564024,4.578891727914835
50.424117470523804,-26.258140855781054,4.603488071838319
50.34754258280871,-26.238053868414603,4.627953694576953
50.27210466213899,-26.217215711806446,4.652290658454097
50.19674364455599,-26.195383097464287,4.676500972129702
50.12260620599034,-26.172938296500845,4.700586592535109
50.0498869771713,-26.1500220785215,4.724549426719083
49.97762198065635,-26.1263899181971,4.748391333609984
49.9058739646859,-26.102098311134405,4.772114125698713
49.83519321521122,-26.077382204411148,4.795719570646722
49.76459283013578,-26.051933864581038,4.819209392823138
49.69474973195709,-26.02602703719839,4.842585274774781
49.62565157500641,-25.999699616043436,4.865848858632615
49.5570588611916,-25.972896353173766,4.889001747457973
49.48945502690376,-25.94584558078068,4.912045506531663
49.42327634613116,-25.918776283741053,4.934981664588905
49.36074583402431,-25.89269301995835,4.957811715002847
49.30202440965705,-25.86778377538977,4.980537116919244
49.24652873196989,-25.843900633443116,5.0
49.1934965108676,-25.82078709676596,5.0
49.14196469402883,-25.798069487574743,5.0
49.09145923864827,-25.775567272142275,5.0
49.04122773590773,-25.752960814714395,5.0
48.9907338204481,-25.730012320750472,5.0
48.94007036104817,-25.70676366027883,5.0
48.88883321508251,-25.683026337452645,5.0
48.83665856716224,-25.65862201725923,5.0
48.78359086821378,-25.633558812524537,5.0
48.72993400877007,-25.607970704963662,5.0
48.67554624893552,-25.581782065716812,5.0
48.61867607697248,-25.554123410890064,5.0
48.55973114149691,-25.525152631385062,5.0
48.49960676346225,-25.495281430168266,5.0
48.438848295512955,-25.46476745467751,5.0
48.37734639980972,-25.43354734616697,5.0
48.31550115194669,-25.401819170259564,5.0
48.25466120285529,-25.37028863724842,5.0
48.19511767096418,-25.339136505169236,5.0
48.13649033595023,-25.30819116362129,5.0
48.07798128249692,-25.277046724862075,5.0
48.01929638543429,-25.245551879734116,5.0
47.96066643121195,-25.213835244996194,5.0
47.90303857249781,-25.18242380144735,5.0
47.84619359406477,-25.151217849182032,5.0
47.78932918874291,-25.11978807666776,5.0
47.732672984210666,-25.088266917819283,5.0
47.677051998049365,-25.057128443550052,5.0
47.622455911820325,-25.026385599005295,5.0
47.568340579500784,-24.995746111263518,5.0
47.51456931217505,-24.965141961326978,5.0
47.460903353035995,-24.93444415157867,5.0
47.407994750936304,-24.904034660335114,5.0
47.35611708579072,-24.87408418721715,5.0
47.30446222268894,-24.84413620744036,5.0
47.252887379513155,-24.814113010452,5.0
47.20185102088437,-24.78428787723215,5.0
47.151276323283376,-24.7546237424277,5.0
47.1009981468701,-24.72503022022583,5.0
47.05095892695384,-24.695478768542802,5.0
47.00125542549576,-24.666031844213524,5.0
46.95214069568265,-24.63684575234722,5.0
46.90361402135149,-24.60792700877416,5.0
46.85549066934631,-24.579171490681915,5.0
46.80757303874522,-24.550465622923472,5.0
46.7596865025642,-24.52170802478886,5.0
46.71182437373536,-24.492897323819836,5.0
46.664025178929144,-24.464059403891692,5.0
46.6161248966023,-24.435097628030622,5.0
46.56806450258676,-24.40597804324257,5.0
46.51963935258195,-24.376577763045894,5.0
46.47118510044276,-24.347102055491813,5.0
46.42290518818863,-24.317677437244775,5.0
46.37462059759,-24.288197555596543,5.0
46.326244512580345,-24.258611541804285,5.0
46.27767556640239,-24.228859150102203,5.0
46.22904582578777,-24.199023109113387,5.0
46.18027162088043,-24.16905401299378,5.0
46.13125760212666,-24.138894896222016,5.0
46.08202255018347,-24.108558842925284,5.0
46.0325732845695,-24.078051668759155,5.0
45.98315543235722,-24.04752694322559,5.0
45.93394551584857,-24.01709632355452,5.0
45.88497850059957,-23.986784246942506,5.0
45.83628918076119,-23.956615030530386,5.0
45.787612458138014,-23.92642680713217,5.0
45.73893651736232,-23.896214277768035,5.0
45.690332442698455,-23.86602361004604,5.0
45.641787630615184,-23.835849025100163,5.0
45.59367353440088,-23.805923681397495,5.0
45.545705939393656,-23.776073024845253,5.0
45.49793345198154,-23.74632925419592,5.0
45.45036900277089,-23.716702320469018,5.0
45.40282355007221,-23.687076201161105,5.0
45.355511670057574,-23.65758627397573,5.0
45.30831425290209,-23.62815993476822,5.0
45.261286449799144,-23.598833112387933,5.0
45.214218724335616,-23.56947658370406,5.0
45.16706463002183,-23.540062738964167,5.0
45.119701408626206,-23.51051633047903,5.0
45.07214065501926,-23.48084591437721,5.0
45.02478334529201,-23.45130296262074,5.0
44.977563845440905,-23.421847796377275,5.0
44.930181793303895,-23.39229429627217,5.0
44.882874021835676,-23.362791406813546,5.0
44.83560972404378,-23.33332107046153,5.0
44.78812234022935,-23.30371827541561,5.0
44.740793033509725,-23.27422177470331,5.0
44.69353409117865,-23.244777912303228,5.0
44.64604706457485,-23.215201863711407,5.0
44.59812152096093,-23.185363906103362,5.0
44.54984218961121,-23.155318228275256,5.0
44.501314970629984,-23.12513210792478,5.0
44.4525846051128,-23.094834680617844,5.0
44.4038764176436,-23.06456717295604,5.0
44.35500619444576,-23.03421620337909,5.0
44.306226379615126,-23.003939571822684,5.0
44.25753937973738,-22.973739567091126,5.0
44.208957455921244,-22.943624534319916,5.0
44.160584528985936,-22.91365949161923,5.0
44.11194721043064,-22.883552069321546,5.0
44.06328727422165,-22.853452993819968,5.0
44.014530870429574,-22.823317481097614,5.0
43.96564271146496,-22.793124705653575,5.0
43.91684067750411,-22.763010014473817,5.0
43.86784368784901,-22.732800788199818,5.0
43.81884309442158,-22.702615911907095,5.0
43.76996339086202,-22.67253261658832,5.0
43.72099724637483,-22.64242390309654,5.0
43.67216383654988,-22.612425103793356,5.0
43.62353129482185,-22.582578272449958,5.0
43.57492208477396,-22.552774743883486,5.0
43.5263359608105,-22.52301484409376,5.0
43.477786892731416,-22.493307565745607,5.0
43.429288134718284,-22.463661396922006,5.0
43.38085231407707,-22.434084377370898,5.0
43.33268144045637,-22.40469988500106,5.0
43.284531058377425,-22.375358848342007,5.0
43.23657868679399,-22.34616954838574,5.0
43.188820020863496,-22.317129221765843,5.0
43.14070359920636,-22.2879031047522,5.0
43.09261306590526,-22.25872499537094,5.0
43.04454460223847,-22.229592825393038,5.0
42.99646608317866,-22.200487403354003,5.0
42.948486135194266,-22.171474643899128,5.0
42.90050295414791,-22.142493113750593,5.0
42.85249072721485,-22.1135275075039,5.0
42.80426074757197,-22.084464550107914,5.0
42.75614715225875,-22.05550594306675,5.0
42.708210237455766,-22.026687753938717,5.0
42.66020890410665,-21.997865057309195,5.0
42.612178206443055,-21.96905919632832,5.0
42.56395938686987,-21.940175418059084,5.0
42.51571459998949,-21.911311299415914,5.0
42.46751172191087,-21.88250754553706,5.0
42.41918569093638,-21.853665747651664,5.0
42.370720681925604,-21.824776940308187,5.0
42.322097504965626,-21.795830206775197,5.0
42.273356459253854,-21.766850019696374,5.0
42.22453324163231,-21.737857960398724,5.0
42.17562012855386,-21.708849746171406,5.0
42.12674704609531,-21.679902536808395,5.0
42.07786855166428,-21.650989382654124,5.0
42.02899234126457,-21.622114847802212,5.0
41.9801345944278,-21.593288454784368,5.0
41.931196414357245,-21.564451933240626,5.0
41.88219653125368,-21.53561651113358,5.0
41.83309286734729,-21.506757643799276,5.0
41.7840969209024,-21.477999579363438,5.0
41.735122553973774,-21.449291506655403,5.0
41.68611818493474,-21.42060313755923,5.0
41.63717448120672,-21.39198743157118,5.0
41.58819661832862,-21.363388826444783,5.0
41.539316812263515,-21.33488433849155,5.0
41.49046421640085,-21.306432367951206,5.0
41.44154422383303,-21.277977771315673,5.0
41.392601745273836,-21.249546693790343,5.0
41.34366980100442,-21.221158215817013,5.0
41.294716204818215,-21.192793554585947,5.0
41.245707877892585,-21.164433523909914,5.0
41.196642354056,-21.136076722384427,5.0
41.14758717239546,-21.107762105703674,5.0
41.09854414051062,-21.0794905310382,5.0
41.04951221570094,-21.051261204277775,5.0
41.000494301149544,-21.02307559584235,5.0
40.95149086218983,-20.99493376200329,5.0
40.902496327882986,-20.96683229468404,5.0
40.853456985307325,-20.93874025703001,5.0
40.80449836032558,-20.910729319210553,5.0
40.75550716146157,-20.88273440450958,5.0
40.706484642860886,-20.854756124129437,5.0
40.65748296217192,-20.826824059920444,5.0
40.60846767728365,-20.798918363587713,5.0
40.559438861974165,-20.771038904926534,5.0
40.51039546943804,-20.743184912772445,5.0
40.46137161437706,-20.715375536704673,5.0
40.41226958751622,-20.687555206389003,5.0
40.36311508955028,-20.659738432092027,5.0
40.31396475370355,-20.631957094723365,5.0
40.26475740231121,-20.60417644788466,5.0
40.21556448304174,-20.5764366428692,5.0
40.166400725771226,-20.548745682562487,5.0
40.11723577756791,-20.5210861852036,5.0
40.06810483037358,-20.493477654487958,5.0
40.018935667405486,-20.465879259084616,5.0
39.969775542999244,-20.438317300996484,5.0
39.920643775151426,-20.41080230148799,5.0
39.871488677015485,-20.38330504335647,5.0
39.822292244542204,-20.355815267680434,5.0
39.773052044814385,-20.32833144861956,5.0
39.7237918395881,-20.300866652079566,5.0
39.674504094160994,-20.2734164566727,5.0
39.62519047006597,-20.24598157096674,5.0
39.57584694220136,-20.2185595384168,5.0
39.52647684265332,-20.19115199106123,5.0
39.47707903172701,-20.163758070899373,5.0
39.42763486533959,-20.13636723349501,5.0
39.378197810610565,-20.109008849738768,5.0
39.32878344203829,-20.081691209251588,5.0
39.27932780384566,-20.054378680246725,5.0
39.22986632649341,-20.027090584709747,5.0
39.18040131248214,-19.999827904718245,5.0
39.130917016353294,-19.97258168743083,5.0
39.08141430009597,-19.945352148077667,5.0
39.03189581319621,-19.918140479453186,5.0
38.98237615689929,-19.89095442171331,5.0
38.93284779521079,-19.863789546195694,5.0
38.88330549760048,-19.83664270575672,5.0
38.83375713311193,-19.809517930900597,5.0
38.78420826751306,-19.7824179736595,5.0
38.73465489757428,-19.755340348594128,5.0
38.68509364557889,-19.72828292176419,5.0
38.63552633504095,-19.701246402492583,5.0
38.585951955121,-19.674229952919234,5.0
38.53637365819828,-19.647235003114634,5.0
38.48678674698991,-19.620258709748992,5.0
38.43719075942261,-19.593300541512253,5.0
38.38758378824852,-19.56635918453881,5.0
38.337967260935805,-19.53943513825275,5.0
38.28834509408215,-19.512530247968293,5.0
38.23870889784737,-19.48563968975049,5.0
38.18906552350751,-19.45876690260578,5.0
38.139417488031185,-19.43191296898588,5.0
38.08976616267994,-19.405078348531948,5.0
38.04010616253349,-19.37825985334207,5.0
37.99044416418474,-19.35146081188429,5.0
37.9407914679616,-19.324687031239,5.0
37.89112620420494,-19.297926438311986,5.0
37.841439708601705,-19.271174109788483,5.0
37.791733495346875,-19.24443061253149,5.0
37.742014882608125,-19.217699629230417,5.0
37.69229152397024,-19.190985009416885,5.0
37.64255364788029,-19.164281240355923,5.0
37.59281185655633,-19.137593751993034,5.0
37.543062204960094,-19.110920161250167,5.0
37.493293876317736,-19.084254414179753,5.0
37.44352053269395,-19.057603574947322,5.0
37.39374743314058,-19.030970191116186,5.0
37.34396902632571,-19.0043510250868,5.0
37.2941719345406,-18.977738669994594,5.0
37.24436622260993,-18.951138254504528,5.0
37.1945514590362,-18.92454929210505,5.0
37.14473050537453,-18.89797305350905,5.0
37.09491307114255,-18.8714144540896,5.0
37.045088455628935,-18.844867526824714,5.0
36.99525746901422,-18.818332448368434,5.0
36.94542120800456,-18.79180954723799,5.0
36.89556342228876,-18.765289929560257,5.0
36.84569414143937,-18.738778688916785,5.0
36.79582003189812,-18.712279118827404,5.0
36.745930533463024,-18.68578536099732,5.0
36.696033919102284,-18.659301563517687,5.0
36.64613741942067,-18.632831311179224,5.0
36.596241449117585,-18.606374568181096,5.0
36.5463334525449,-18.5799244288459,5.0
36.49642225765278,-18.553485326950774,5.0
36.44652727466478,-18.527067286418124,5.0
36.39664283690655,-18.50066704412979,5.0
36.34675215722981,-18.474275465912086,5.0
36.29684514474673,-18.447886978616516,5.0
36.246952715383706,-18.421517685494468,5.0
36.197065051633324,-18.39516214650008,5.0
36.14718178708953,-18.368819923655643,5.0
36.09730027420016,-18.342489377867857,5.0
36.047397668615595,-18.31615822246797,5.0
35.99747695699604,-18.28982781535374,5.0
35.94755484124601,-18.263506741177576,5.0
35.89763055717141,-18.23719436785636,5.0
35.84770295014371,-18.21088986050002,5.0
35.79777255961256,-18.18459327929757,5.0
35.74784975378054,-18.15830985885466,5.0
35.69793445770104,-18.132039332307933,5.0
35.648015362462054,-18.105775526851637,5.0
35.59808361023466,-18.079513570391036,5.0
35.54813464188267,-18.053250859700135,5.0
35.498188567506816,-18.02699775981676,5.0
35.448230522786474,-18.000746249172135,5.0
35.39824797914574,-17.974489546522324,5.0
35.348252716461246,-17.948233643907944,5.0
35.298267806161725,-17.921990453001793,5.0
35.2483014211541,-17.895764053181427,5.0
35.19833893679815,-17.869546561150177,5.0
35.14836104226357,-17.843327648110442,5.0
35.098381488611935,-17.81711433592283,5.0
35.04838096882385,-17.79089630937506,5.0
34.99836580129321,-17.764676697648767,5.0
34.94835285470132,-17.73846415566115,5.0
34.89832623161944,-17.712250164924207,5.0
34.84830455614987,-17.68604429916292,5.0
34.798276791933,-17.659840591447463,5.0
34.7482575237941,-17.63364649722748,5.0
34.698231327177254,-17.607453757149955,5.0
34.648214750049604,-17.581270855552773,5.0
34.59820965436155,-17.55509858553911,5.0
34.54816509105518,-17.52891011044509,5.0
34.49810403281295,-17.502717287931365,5.0
34.448045661455176,-17.476529984370956,5.0
34.397991670770956,-17.45034891442662,5.0
34.34796438913874,-17.424185584106453,5.0
34.29797119268916,-17.398043676008847,5.0
34.24799559935597,-17.371914400693203,5.0
34.198016290766226,-17.345786448884542,5.0
34.14803156329452,-17.319658772015433,5.0
34.09806126771332,-17.29354158816548,5.0
34.04806151236299,-17.267411803858913,5.0
33.99804829075489,-17.24127762907955,5.0
33.948028775762005,-17.21514266267771,5.0
33.89798665182467,-17.18899823350249,5.0
33.84793948224,-17.162853372483323,5.0
33.79787746156982,-17.136702813331414,5.0
33.74782017051253,-17.110556641336434,5.0
33.697757123131154,-17.084409237609858,5.0
33.64769118221844,-17.058261958096328,5.0
33.597623896221236,-17.03211547366267,5.0
33.54752470855572,-17.005953692627514,5.0
33.49743207564278,-16.97979656395241,5.0
33.4473541737942,-16.953648223522187,5.0
33.39727995603234,-16.92750277205756,5.0
33.34720913629913,-16.90135993154891,5.0
33.29713796580375,-16.8752176183926,5.0
33.247083987775476,-16.84908486730852,5.0
33.1970376104723,-16.822956548017924,5.0
33.14701745329534,-16.796842261152328,5.0
33.09702080619535,-16.77074047388389,5.0
33.047029925672874,-16.74464180780349,5.0
32.99706893371219,-16.71855874366089,5.0
32.94710891749943,-16.69247607695067,5.0
32.897130371331905,-16.66638351660717,5.0
32.8471542220421,-16.64029188246244,5.0
32.797192427520265,-16.614207314693868,5.0
32.747215614991056,-16.58811437731284,5.0
32.69720036540617,-16.562000743573655,5.0
32.64718133389236,-16.53588440986199,5.0
32.59718096492369,-16.509777001191154,5.0
32.54715859321871,-16.48365719214828,5.0
32.497133548035336,-16.45753498493486,5.0
32.447115872519205,-16.431415535980452,5.0
32.39708510899466,-16.40528807609689,5.0
32.34704660922314,-16.37915531506818,5.0
32.29700898683669,-16.35302166900129,5.0
32.246981559210695,-16.326891924485473,5.0
32.196954172916456,-16.300760700558797,5.0
32.14693968168512,-16.27463463544206,5.0
32.096925826491116,-16.248507251397644,5.0
32.04689997638152,-16.222371876112803,5.0
31.996875623741317,-16.196235486194446,5.0
31.946852443362772,-16.170097841782407,5.0
31.89682418165137,-16.143955606357792,5.0
31.846798572833897,-16.11781275392615,5.0
31.796756020281652,-16.09165897621067,5.0
31.74669272408333,-16.06549221930082,5.0
31.696622236325954,-16.039319500199632,5.0
31.646565237044136,-16.01315156638241,5.0
31.59651341070628,-15.986984010351701,5.0
31.546448898177562,-15.960807433473137,5.0
31.496396946263847,-15.934634976003936,5.0
31.44635755042532,-15.90846657831618,5.0
31.39630954589553,-15.882291113907952,5.0
31.34626713649011,-15.8561159532,5.0
31.29623254544185,-15.829942203046517,5.0
31.246196582640618,-15.803765000109438,5.0
31.196159695429504,-15.777584522316339,5.0
31.146122198317507,-15.751400878944143,5.0
31.09608331235233,-15.725213607817764,5.0
31.046038000605098,-15.699020018502381,5.0
30.99600834210909,-15.672831615637184,5.0
30.945997396553416,-15.646649953143633,5.0
30.895991622290627,-15.620467894238441,5.0
30.846000720650967,-15.594290471350792,5.0
30.796010712305655,-15.568110318150827,5.0
30.7460413136495,-15.541937716105682,5.0
30.696077582887444,-15.515764796836235,5.0
30.646115883169937,-15.489589612103877,5.0
30.596151756558793,-15.463409783370622,5.0
30.54618409538971,-15.437224688079509,5.0
30.496238842156245,-15.411047883629166,5.0
30.446279342756394,-15.384860121696134,5.0
30.396305648913188,-15.358661388414733,5.0
30.346352167392244,-15.332469686570917,5.0
30.29638957248065,-15.306269607263381,5.0
30.246406855008374,-15.280055340318428,5.0
30.19641755975416,-15.253833954074091,5.0
30.146432111458058,-15.227610886089552,5.0
30.096435833988977,-15.201378407038106,5.0
30.04642480234427,-15.175134426132326,5.0
29.996432500441447,-15.148896488655877,5.0
29.946436931290883,-15.122653026643478,5.0
29.896427063918473,-15.096398223160968,5.0
29.846430715252605,-15.07014665874936,5.0
29.796466010976637,-15.043907835722433,5.0
29.7465066610831,-15.017667932811953,5.0
29.696534204812192,-14.991417233341666,5.0
29.646568917264524,-14.965166368413621,5.0
29.59660909099665,-14.938914425488651,5.0
29.546652834114568,-14.912660395471065,5.0
29.496705063478103,-14.886406848910294,5.0
29.44675200960385,-14.860146534369266,5.0
29.396798651348963,-14.83388205507094,5.0
29.346849711378283,-14.807615882184837,5.0
29.29688878123688,-14.781339374450576,5.0
29.246931725108393,-14.755060863586353,5.0
29.196983392948372,-14.728782892833248,5.0
29.14703301863919,-14.70249979013014,5.0
29.09707317722995,-14.676207638391126,5.0
29.04711146180339,-14.649910424229812,5.0
28.997158024402555,-14.623613485110495,5.0
28.947196236880476,-14.597308060966983,5.0
28.89723166463227,-14.570997074536765,5.0
28.847281521436443,-14.544689586874409,5.0
28.797333147110223,-14.518378927658324,5.0
28.74737730235414,-14.492060224722914,5.0
28.697424801338144,-14.465739170653173,5.0
28.647478934926067,-14.439417497202626,5.0
28.597536358771485,-14.413093440050039,5.0
28.547596822759065,-14.386766865282242,5.0
28.49766019595536,-14.360437702094215,5.0
28.447721881301995,-14.33410352448566,5.0
28.39778429087638,-14.307765602387029,5.0
28.347852703024348,-14.28142671910966,5.0
28.29792345375149,-14.255084942127272,5.0
28.248002877365643,-14.22874361444957,5.0
28.198094068276834,-14.20240437195972,5.0
28.148183104327586,-14.176059869219678,5.0
28.09827381088725,-14.149712126326873,5.0
28.048366269159178,-14.12336118810933,5.0
27.998460373108852,-14.097007001313239,5.0
27.94854810467823,-14.070645333550527,5.0
27.898634156964242,-14.044278665665777,5.0
27.848723488751574,-14.01790962099376,5.0
27.798802956553306,-13.99153125886278,5.0
27.74888403567775,-13.965149646535483,5.0
27.698971989127884,-13.938767572129231,5.0
27.64906350645678,-13.912383293393683,5.0
27.599158645866638,-13.885996848622105,5.0
27.54926079948464,-13.859610039950661,5.0
27.499364702604616,-13.833220092045046,5.0
27.44946621741682,-13.806824824326903,5.0
27.399570772010374,-13.78042711666651,5.0
27.349683194289167,-13.7540295340044,5.0
27.299799605906223,-13.727630035408577,5.0
27.249914730987275,-13.701225839247996,5.0
27.20003277521488,-13.674819182333813,5.0
27.150152030237717,-13.648409171918683,5.0
27.100275798476904,-13.62199756891398,5.0
27.05039760224912,-13.595580955374052,5.0
27.000517725529456,-13.569159493629947,5.0
26.95063367524448,-13.542731874890803,5.0
26.900748516031978,-13.516299735256617,5.0
26.850866461975123,-13.489865321285029,5.0
26.800987280171718,-13.463428524232588,5.0
26.751110326489762,-13.436989017415799,5.0
26.70123512071553,-13.410546560995028,5.0
26.65136075979954,-13.384100690808408,5.0
26.60148682057813,-13.357651197034976,5.0
26.551612358535476,-13.331197593030144,5.0
26.501738442351517,-13.304740459929317,5.0
26.451867726804696,-13.27828122098465,5.0
26.401997275914734,-13.251818333057328,5.0
26.352127458964183,-13.225352006109679,5.0
26.302263312130666,-13.198884927432434,5.0
26.252406427293945,-13.172417957307252,5.0
26.20255379255815,-13.145949511381437,5.0
26.15270322352976,-13.11947844325106,5.0
26.102857946244534,-13.093006478839078,5.0
26.053022344356236,-13.066535959858294,5.0
26.003188656537663,-13.040062776203417,5.0
25.953356286825265,-13.01358662179152,5.0
25.90352283498005,-12.987106230760602,5.0
25.853686823552362,-12.96062082618066,5.0
25.80385783378739,-12.934135508615102,5.0
25.754033664343535,-12.907649117205855,5.0
25.704206464711035,-12.881157485465854,5.0
25.65438323469775,-12.854664341152407,5.0
25.604554370581116,-12.828164582701165,5.0
25.554721550654733,-12.80165910591897,5.0
25.504889537050605,-12.775150447503913,5.0
25.4550561428201,-12.748637447736428,5.0
25.405219413046655,-12.722119069125316,5.0
25.355383181213334,-12.695597353932833,5.0
25.305547462987082,-12.669072313364563,5.0
25.255711884343885,-12.642543750833298,5.0
25.205875712518292,-12.616011278578215,5.0
25.156041048117242,-12.589476017271188,5.0
25.106210755252274,-12.562939495061599,5.0
25.056386203774686,-12.536402445273826,5.0
25.006565863320795,-12.509864056855323,5.0
24.95674821539648,-12.483323524829553,5.0
24.90693079338862,-12.456779538726805,5.0
24.85711631377334,-12.430233550058219,5.0
24.807305055897206,-12.403685712528459,5.0
24.75749772490908,-12.377136407513568,5.0
24.70769301172603,-12.35058494309988,5.0
24.657891284232907,-12.32403152181051,5.0
24.608097267394474,-12.297478670504663,5.0
24.558305341323006,-12.270923400411386,5.0
24.50851512615409,-12.244365516826553,5.0
24.45872948187548,-12.217806553992602,5.0
24.408945878816123,-12.191245171871714,5.0
24.35916126893072,-12.164679753435157,5.0
24.309376570610713,-12.138110798330624,5.0
24.25958753312735,-12.111536047611818,5.0
24.209795834076345,-12.08495640652825,5.0
24.159997313539243,-12.05836966421591,5.0
24.11019206607435,-12.031775880934145,5.0
24.060380783998138,-12.005175436388,5.0
24.01056935152026,-11.978571484162238,5.0
23.96076202575711,-11.951966310614015,5.0
23.910959609019056,-11.92536035757263,5.0
23.861162328400333,-11.898753759626471,5.0
23.81137051936693,-11.872146709066856,5.0
23.761591441439307,-11.845543098930067,5.0
23.711827893544577,-11.81894443977438,5.0
23.662072845199923,-11.792346987333307,5.0
23.612323538890138,-11.765749279067647,5.0
23.56258170887733,-11.739152252983166,5.0
23.512838061822563,-11.712550948987637,5.0
23.463094785110894,-11.685946544152138,5.0
23.413352916190235,-11.659339600468648,5.0
23.363604321490175,-11.632725772688019,5.0
23.313846876968608,-11.606103927818266,5.0
23.264082758608218,-11.579475232761341,5.0
23.214313935273825,-11.552840743702836,5.0
23.164544213100893,-11.526202500423448,5.0
23.114773303830937,-11.499560351580723,5.0
23.065000006122897,-11.472913656422707,5.0
23.015224766397953,-11.446262655885622,5.0
22.965447388486957,-11.419607246690198,5.0
22.915670764671006,-11.39294897956982,5.0
22.865896733587334,-11.366288841808613,5.0
22.816124160846492,-11.339626228587433,5.0
22.76635116702917,-11.312960135780981,5.0
22.716583891036922,-11.286293855782175,5.0
22.666824782864815,-11.259628706193448,5.0
22.617063842423445,-11.23295933260256,5.0
22.56730151691182,-11.206285978565093,5.0
22.51754191064845,-11.179610849090722,5.0
22.467784503115812,-11.152933671417793,5.0
22.418038508899798,-11.126259394109514,5.0
22.36831015256645,-11.099591365860036,5.0
22.318593445045053,-11.072926386944758,5.0
22.268878754908027,-11.046259302778749,5.0
22.219164707172194,-11.01958938669396,5.0
22.169456123638824,-10.992919237836956,5.0
22.11975154781611,-10.966248088804354,5.0
22.070050947602017,-10.939575937443255,5.0
22.020352048528668,-10.91290157917571,5.0
21.97065812898221,-10.8862267909859,5.0
21.920963895185874,-10.859548749643078,5.0
21.87125663596898,-10.832860648692774,5.0
21.82153991691689,-10.806164420125459,5.0
21.771827454548113,-10.77946745012353,5.0
21.722117402553554,-10.752768770589407,5.0
21.672394986261843,-10.726060468816883,5.0
21.6226658870019,-10.699345619201704,5.0
21.572941110649996,-10.672630159763969,5.0
21.52321854663423,-10.645912984116073,5.0
21.473495521582638,-10.619192683670205,5.0
21.423771969164534,-10.592469251157981,5.0
21.374043655042165,-10.565740439508987,5.0
21.324311664538868,-10.539006861119011,5.0
21.27457836015005,-10.512269815943533,5.0
21.22484813422415,-10.485531696651927,5.0
21.17512077608231,-10.458792422068438,5.0
21.125395878660886,-10.432051805838833,5.0
21.075673199224024,-10.405309750087367,5.0
21.02595228318895,-10.378566043297372,5.0
20.97623275579143,-10.351820516857034,5.0
20.92651423704641,-10.325072999516928,5.0
20.876796820417624,-10.298323574715427,5.0
20.827080908461557,-10.271572492355135,5.0
20.777365509203975,-10.244819251725968,5.0
20.727653890187707,-10.218065644551345,5.0
20.677944281480908,-10.19131075163018,5.0
20.62823730446889,-10.164554940356824,5.0
20.578534567184693,-10.137799109321925,5.0
20.52883523313715,-10.111042840880238,5.0
20.47914041159382,-10.08428676467398,5.0
20.429448931189718,-10.057530281942421,5.0
20.37976162002953,-10.03077387016639,5.0
20.33007784138737,-10.004017217486826,5.0
20.280397728895394,-9.977260426524486,5.0
20.23071107270507,-9.950498027617249,5.0
20.181024981982198,-9.923733878344164,5.0
20.131339874681252,-9.896968232666476,5.0
20.081651131954864,-9.870198630236205,5.0
20.031956315116183,-9.843423784204006,5.0
19.982260484501474,-9.816646447727486,5.0
19.93256318861163,-9.789866404570542,5.0
19.88286635804849,-9.763084721745694,5.0
19.8331695326041,-9.736301178139053,5.0
19.783472716122965,-9.709515802349722,5.0
19.73377591609474,-9.682728625027456,5.0
19.68408158848862,-9.655940996627297,5.0
19.634389165285967,-9.629152637917304,5.0
19.584700664325954,-9.602364663929643,5.0
19.535013995464205,-9.575575975119937,5.0
19.48532861434026,-9.548786305635547,5.0
19.43564329896967,-9.521995024166516,5.0
19.38595531681605,-9.495200685241933,5.0
19.336268161719886,-9.468405201118435,5.0
19.286586001746453,-9.441610848821098,5.0
19.236906532284053,-9.414816415087659,5.0
19.18721886303748,-9.388016055888006,5.0
19.13753395327367,-9.361215712538462,5.0
19.087858273820636,-9.334418907051669,5.0
19.03819087614181,-9.307625160335608,5.0
18.98851843849183,-9.280827318194268,5.0
18.938844776485958,-9.254027471926737,5.0
18.889169427712588,-9.227225405477022,5.0
18.839494424114545,-9.200422249722429,5.0
18.78982578943456,-9.173621290275301,5.0
18.740154768923887,-9.146817839351803,5.0
18.69048997435662,-9.120016580894603,5.0
18.640830219155678,-9.093216912550547,5.0
18.591172112496405,-9.066417042934452,5.0
18.541508393941022,-9.039613092539826,5.0
18.491844158876244,-9.012807851013592,5.0
18.442182077773857,-8.986002800251358,5.0
18.392514400436642,-8.959193798260161,5.0
18.342847622893935,-8.932384393261772,5.0
18.293175824868946,-8.905571431994296,5.0
18.243496406508644,-8.878753554050105,5.0
18.193814342536783,-8.851933488433275,5.0
18.14413203642057,-8.825112576982828,5.0
18.094452039541252,-8.798292241976538,5.0
18.044771200013166,-8.77147082714983,5.0
17.99509078779931,-8.744649063866865,5.0
17.945414844154605,-8.717829180043788,5.0
17.89574066131882,-8.691009760180183,5.0
17.846062703389556,-8.664187862067967,5.0
17.79638373066766,-8.637365023011933,5.0
17.746701748253624,-8.61054021319819,5.0
17.69701953712739,-8.583714981800407,5.0
17.647340694388543,-8.556891319036659,5.0
17.597660303563046,-8.530066618565657,5.0
17.5479799733556,-8.5032417978473,5.0
17.498299894015787,-8.476417008674737,5.0
17.448621165597974,-8.44959289479203,5.0
17.398941965251936,-8.422768522020029,5.0
17.349258937435142,-8.395942129467006,5.0
17.29956779911669,-8.369111455918901,5.0
17.24987567365638,-8.342280400074108,5.0
17.200184274134813,-8.31544993967001,5.0
17.150491081737428,-8.288618768769116,5.0
17.100811567151954,-8.261795294992037,5.0
17.05112979820791,-8.23497097179712,5.0
17.00147287566419,-8.208160487976144,5.0
16.95183593165123,-8.181361272346082,5.0
16.90220150377357,-8.154563955698483,5.0
16.852561463130712,-8.12776420990541,5.0
16.80293572755666,-8.100972850111562,5.0
16.753304797732994,-8.074179412271874,5.0
16.703666487514027,-8.047382781796234,5.0
16.654039305574432,-8.020593016660483,5.0
16.604383993457112,-7.993788993274183,5.0
16.554732685478683,-7.966988128715182,5.0
16.505072688533453,-7.9401836431009105,5.0
16.455416476132882,-7.913382342682547,5.0
16.40577463535546,-7.886590015359811,5.0
16.35611429341235,-7.859788995848407,5.0
16.306447027371828,-7.832985611408844,5.0
16.256790448251085,-7.806189445230734,5.0
16.207139675941868,-7.779397943709002,5.0
16.157491492103055,-7.752609452112831,5.0
16.10782825836845,-7.7258145379680165,5.0
16.058141259352897,-7.699008587310739,5.0
16.008459523436798,-7.6722073490631,5.0
15.958783340923707,-7.645411067130961,5.0
15.909093899407642,-7.61860968382139,5.0
15.859398336988741,-7.591807141762877,5.0
15.80970068683589,-7.565005708851069,5.0
15.759990759405966,-7.538199984545077,5.0
15.71027803701249,-7.51139517796267,5.0
15.660563110868265,-7.484591703808968,5.0
15.610845442625937,-7.457789368891299,5.0
15.561134503360758,-7.430993376026008,5.0
15.511428275795925,-7.404202734978858,5.0
15.461724977649636,-7.377416583663888,5.0
15.412020815947226,-7.350632978071382,5.0
15.362311633519893,-7.3238497802230835,5.0
15.31260426532449,-7.297070775574285,5.0
15.262900776211614,-7.270297179142781,5.0
15.21320849727482,-7.243533042240963,5.0
15.163508751055888,-7.216768409984751,5.0
15.113785282734236,-7.189994639865291,5.0
15.064051437242913,-7.1632190303391905,5.0
15.014322387743693,-7.136449860057829,5.0
14.964594564314451,-7.109685316289304,5.0
14.914853640018029,-7.082917801116074,5.0
14.865114340286851,-7.0561553531872105,5.0
14.815377191845561,-7.0293983688107895,5.0
14.765643310687896,-7.002647562317683,5.0
14.715918751336933,-6.975906304127829,5.0
14.666212819801432,-6.949179711274596,5.0
14.616517228901065,-6.922463441025597,5.0
14.566825546527323,-6.895754153144934,5.0
14.517138938353867,-6.8690525941493386,5.0
14.46743767510911,-6.842348287122182,5.0
14.417735276376021,-6.815648624701643,5.0
14.368040954926817,-6.788958681526662,5.0
14.318355265619852,-6.76227888071694,5.0
14.268652736692061,-6.735595677140368,5.0
14.218935148696598,-6.708910166688938,5.0
14.169194295089829,-6.682218088172142,5.0
14.11943734607195,-6.655523435552113,5.0
14.069697333104743,-6.628844068582474,5.0
14.019963061477071,-6.602174117264011,5.0
13.970224296851038,-6.575508235243204,5.0
13.920473064556173,-6.548842295564338,5.0
13.87070827183602,-6.522175865451698,5.0
13.82094673328438,-6.495518105547071,5.0
13.771199413199644,-6.468875033999644,5.0
13.721464729315162,-6.442245946687232,5.0
13.671737689757046,-6.415628317488869,5.0
13.621998720091614,-6.3890118242743315,5.0
13.572249481015755,-6.36239751865506,5.0
13.522500537928472,-6.335791213721184,5.0
13.472747981136509,-6.309190979079573,5.0
13.42297550855123,-6.282588267602761,5.0
13.373192754315381,-6.255988401565411,5.0
13.323403238239182,-6.229393431810238,5.0
13.273587900578974,-6.2027933549259595,5.0
13.223767157970187,-6.17619925146943,5.0
13.17394580860166,-6.149613853763606,5.0
13.124122992368187,-6.1230368738491805,5.0
13.074300746157665,-6.096469569942896,5.0
13.02446978715938,-6.069907167692721,5.0
12.974630216309304,-6.043349901296301,5.0
12.924788872685916,-6.01680159384216,5.0
12.874950946015353,-5.990265184699039,5.0
12.825114608217817,-5.963739875032805,5.0
12.775274635146628,-5.937223062606877,5.0
12.725427868953432,-5.910713250124198,5.0
12.675570995760852,-5.8842088617546935,5.0
12.625705216780856,-5.857710724668573,5.0
12.575837524030144,-5.831222740269747,5.0
12.52596964960604,-5.804746011431546,5.0
12.47609949133757,-5.778279605809985,5.0
12.426222792109225,-5.751821451676296,5.0
12.376339615426147,-5.725371773127966,5.0
12.326445849603735,-5.698928583249423,5.0
12.276546742165396,-5.672494856854819,5.0
12.226655151169378,-5.646077590814087,5.0
12.17676572108782,-5.619674131644506,5.0
12.126870091317258,-5.59328024450336,5.0
12.076967989558995,-5.56689598056078,5.0
12.027069793850991,-5.540527017619274,5.0
11.977175338528435,-5.514173454015797,5.0
11.927277747360247,-5.487831848236656,5.0
11.877371065882238,-5.461499255030815,5.0
11.827450448792257,-5.435173323053764,5.0
11.77751648810311,-5.408854573142547,5.0
11.727568871242473,-5.3825430501134965,5.0
11.67761488944257,-5.356242801348184,5.0
11.62765937206545,-5.329956569565701,5.0
11.577706436723604,-5.303686716828375,5.0
11.527753689918606,-5.277432179168607,5.0
11.47779231079821,-5.251188522670037,5.0
11.427816695041935,-5.2249530152719235,5.0
11.37783257842559,-5.19872888056448,5.0
11.32784776029934,-5.172520414769503,5.0
11.277857344853711,-5.146325253707211,5.0
11.227853724003245,-5.120139621986907,5.0
11.17783071992435,-5.093960505354825,5.0
11.127789918612796,-5.067788958360008,5.0
11.077731607843626,-5.041625355132666,5.0
11.027660488157206,-5.015472373024357,5.0
10.977579987284706,-4.98933201719911,5.0
10.927496738072014,-4.96320795728623,5.0
10.877412627275591,-4.937101378206337,5.0
10.827331153025881,-4.911014299350649,5.0
10.777262377117301,-4.8849521467776675,5.0
10.727194023152993,-4.85890871544139,5.0
10.677116706916136,-4.832879323581802,5.0
10.627031880210803,-4.806864930102701,5.0
10.576935901000084,-4.780863847714595,5.0
10.526831576177386,-4.754877736985752,5.0
10.476712955009788,-4.728903716111591,5.0
10.426583154170112,-4.702943605476381,5.0
10.376426254806763,-4.676989374951623,5.0
10.326256806398254,-4.651048766360994,5.0
10.276088636435297,-4.6251291178497915,5.0
10.225931494531963,-4.5992356336001,5.0
10.175763904614852,-4.573357400736106,5.0
10.12558971511974,-4.547496590322047,5.0
10.075434784831177,-4.521666689348871,5.0
10.025280418693972,-4.4958582195131696,5.0
9.975102139734688,-4.4700587687194675,5.0
9.924896169254188,-4.444266598797588,5.0
9.874701146012931,-4.418501731825909,5.0
9.824522034118246,-4.3927668472930925,5.0
9.774327262691047,-4.367045904883326,5.0
9.724108742837386,-4.341334942304147,5.0
9.673934848740783,-4.315669092215397,5.0
9.62372606277622,-4.290007811021406,5.0
9.573459931614925,-4.264339843431913,5.0
9.523172035372472,-4.238683564494884,5.0
9.472865394722835,-4.213040683588461,5.0
9.42260473762788,-4.187444297611452,5.0
9.3723245229504,-4.161861128022999,5.0
9.321998842128824,-4.136278172546479,5.0
9.271668981575107,-4.110716581839371,5.0
9.22136073036683,-4.085189550125524,5.0
9.170983053744285,-4.059651039001195,5.0
9.120557972059151,-4.034112426805082,5.0
9.070088220467289,-4.008575287905418,5.0
9.019574947603827,-3.983040385260913,5.0
8.96905207396912,-3.957525010795863,5.0
8.918465632772676,-3.932002070021176,5.0
8.867868461329516,-3.9064983790757473,5.0
8.81726188452019,-3.8810147064068214,5.0
8.766643052149155,-3.8555497143432107,5.0
8.716074509909808,-3.8301349022159266,5.0
8.665539280118399,-3.804761721730383,5.0
8.614919308508393,-3.779371011343166,5.0
8.56432104157223,-3.7540162828409875,5.0
8.513786955189591,-3.728718786844473,5.0
8.463263264509477,-3.703451569868719,5.0
8.41275912164143,-3.6782192188625062,5.0
8.362171791816381,-3.652970503668304,5.0
8.311569527343318,-3.6277396153732893,5.0
8.261047136483485,-3.6025737834370606,5.0
8.210553912621238,-3.577447656619826,5.0
8.160009748286175,-3.5523214027604935,5.0
8.109452894832964,-3.5272141025831325,5.0
8.05888995589269,-3.5021290493184303,5.0
8.008316411997814,-3.4770640052803405,5.0
7.957738211908152,-3.45202191467277,5.0
7.907073073604219,-3.4269621029828645,5.0
7.856424050415184,-3.4019355782819414,5.0
7.805840389980937,-3.3769665511898115,5.0
7.75527797198144,-3.3520331069402065,5.0
7.704721604420171,-3.3271276691156966,5.0
7.654169734098249,-3.302249396077564,5.0
7.603623884439979,-3.2773989528774807,5.0
7.553052902151592,-3.2525609591916265,5.0
7.502405157168166,-3.2277100648343153,5.0
7.451736178155205,-3.2028735103859196,5.0
7.401056834636137,-3.178056544297213,5.0
7.350400335657306,-3.153275297003067,5.0
7.299825449200536,-3.128558288637586,5.0
7.249263449266119,-3.1038717034522763,5.0
7.198674136122553,-3.079195781006902,5.0
7.148037751667837,-3.0545207974533706,5.0
7.097294013261024,-3.0298173550529377,5.0
7.046448320384013,-3.005088099904694,5.0
6.995607757150306,-2.9803850133307663,5.0
6.94472626542202,-2.95568554799894,5.0
6.8937684962202805,-2.930972439817484,5.0
6.842800839664755,-2.906277740898986,5.0
6.7917875643217105,-2.8815839536090078,5.0
6.740756404832241,-2.8569043132482865,5.0
6.689697622888812,-2.8322338920983907,5.0
6.638492885678003,-2.8075153962227963,5.0
6.587120045200805,-2.7827381231970407,5.0
6.535680167586446,-2.757950721195837,5.0
6.48425754362135,-2.73319353650012,5.0
6.432892086578816,-2.708485396512018,5.0
6.381525566446919,-2.6837979071521554,5.0
6.330197036999023,-2.6591494587784594,5.0
6.279010892095459,-2.6345896773881594,5.0
6.227802122191683,-2.6100389239310804,5.0
6.176590593741414,-2.585506358272676,5.0
6.1253345951832605,-2.560971636342762,5.0
6.074030731875321,-2.5364327881739603,5.0
6.022756600916628,-2.5119265137377815,5.0
5.971595748195297,-2.4874922006992333,5.0
5.9204844274291695,-2.4630988386860935,5.0
5.869293064476355,-2.438684140193025,5.0
5.818137167407443,-2.414302740462144,5.0
5.766956443888471,-2.389925398206104,5.0
5.715808446375183,-2.365579006512137,5.0
5.664625415959206,-2.3412307835949413,5.0
5.613309159695823,-2.3168335658165797,5.0
5.561989426099247,-2.2924485461667725,5.0
5.510775584278967,-2.26812705233312,5.0
5.459463110766073,-2.243771349997696,5.0
5.408281986579338,-2.2194899653321536,5.0
5.357372381545339,-2.1953485826939136,5.0
5.306609033679708,-2.171286984541123,5.0
5.256209451267548,-2.147407419655196,5.0
5.205713708740112,-2.1234912189491046,5.0
5.155076519714426,-2.099516340032152,5.0
5.104486039933126,-2.075571199441058,5.0
5.053981568205513,-2.05167364167611,5.0
5.003392344606169,-2.027742130572717,5.0
4.9529455644408795,-2.003883372729185,5.0
4.902786374726302,-1.980165160785221,5.0
4.852488270046591,-1.9563850111884877,5.0
4.802167232832834,-1.9325969764944904,5.0
4.751819229715623,-1.9087983267415183,5.0
4.7014537868672726,-1.8849927158587292,5.0
4.651215161951955,-1.8612474520029763,5.0
4.600841615645226,-1.8374379307572255,5.0
4.550135658206773,-1.813469864491168,5.0
4.4993316429125505,-1.7894530316641568,5.0
4.448450371756767,-1.7653962457454848,5.0
4.397733788784287,-1.7414128854192508,5.0
4.347015161321697,-1.7174230905224608,5.0
4.296208783864082,-1.6933852318334577,5.0
4.245435301702406,-1.669355277380246,5.0
4.1941673607140455,-1.645082357430839,5.0
4.142365050311644,-1.620545994547748,5.0
4.090426693451935,-1.5959333045143196,5.0
4.038507495345492,-1.5713164675922568,5.0
3.986639714078304,-1.546709473186511,5.0
3.935096161694741,-1.5222406055851143,5.0
3.8837460217138218,-1.4978467222057987,5.0
3.8322720883796295,-1.4733757982425721,5.0
3.7807950485581214,-1.4488836996593402,5.0
3.7295214311393328,-1.4244674038182346,5.0
3.6783076632017946,-1.4000573015832978,5.0
3.626958281852915,-1.3755586716511585,5.0
3.575372951849563,-1.35092175225149,5.0
3.5237455201763375,-1.3262372508406812,5.0
3.4722378108180414,-1.301580999320374,5.0
3.420827547263998,-1.2769409345512448,5.0
3.3695849989521918,-1.2523493887008401,5.0
3.3183214179528795,-1.2277142775320993,5.0
3.267148631894474,-1.2030877150944108,5.0
3.2158545343435088,-1.1783658301019309,5.0
3.164370075780356,-1.1535130790528512,5.0
3.112911242683446,-1.128631609912351,5.0
3.0615757845360925,-1.1037670328214482,5.0
3.0103879893778682,-1.078929652010551,5.0
2.9591841017375877,-1.054038297175604,5.0
2.907945934926517,-1.029082052010813,5.0
2.8568164400295264,-1.0041286622551238,5.0
2.8058385352715276,-0.9791975394667691,5.0
2.754733931230106,-0.9541505505920702,5.0
2.703539004024046,-0.9290029184550601,5.0
2.6521957864719425,-0.9037234291753276,5.0
2.6007762934729763,-0.8783447427239471,5.0
2.549718134122978,-0.8530812247517189,5.0
2.498995469037261,-0.8279195149572007,5.0
2.448209692486624,-0.8026602561049707,5.0
2.397665171393298,-0.7774529510927974,5.0
2.347642277330771,-0.7524371404301962,5.0
2.2976340392233143,-0.7273584385728173,5.0
2.2478420199648594,-0.7023162251148972,5.0
2.1985382965238176,-0.677447026194059,5.0
2.1496001956747333,-0.6526891570190477,5.0
2.100789364271373,-0.6279211983762959,5.0
2.0518388434018373,-0.603005297728366,5.0
2.0027909640130686,-0.5779598272921282,5.0
1.9537394762642408,-0.5528298395295426,5.0
1.9047199986379337,-0.5276311355561403,5.0
1.8557375536130574,-0.5023639453412005,5.0
1.806558372622433,-0.47690444160337836,5.0
1.7569722838085104,-0.45113878001209096,5.0
1.7071995228817574,-0.42517616925192614,5.0
1.6571855870345684,-0.39898340274161115,5.0
1.60696478757275,-0.3725733928488284,5.0
1.5572281104434895,-0.3463074968401072,5.0
1.5080037150565635,-0.32020180927494013,5.0
1.4588479583777363,-0.29402048578412227,5.0
1.409743328320625,-0.26775153629371395,5.0
1.3607055024414945,-0.24140063283532934,5.0
1.3112618280559007,-0.21470876597576607,5.0
1.2616913034684225,-0.1878203453769953,5.0
1.21213970655929,-0.1608102389899756,5.0
1.1624157145208303,-0.13356957732269908,5.0
1.1125075919849974,-0.10608605522065834,5.0
1.0625106001823084,-0.07840652185290131,5.0
1.0125575634854829,-0.0506000857075391,5.0
0.9622654616751752,-0.022447422274083806,5.0
0.9120425969504949,0.005829078619364214,5.0
0.8619685343023185,0.034187767933065216,5.0
0.8115007264244346,0.06294226570610606,5.0
0.7610044298742916,0.09189229554018957,5.0
0.7101367860202652,0.12124243036043442,5.0
0.6593810442165586,0.15072110086188906,5.0
0.609432503621287,0.179922857416214,5.0
0.5596561667641469,0.20921671406961312,5.0
0.5100534454386363,0.2386044650711856,5.0
0.46062587909201663,0.2680878140250609,5.0
0.41137510612844386,0.29766838860443684,5.0
0.3623028348502066,0.3273477545103532,5.0
0.3134108154280174,0.35712743109676637,5.0
0.26470081159164277,0.38700890638478963,5.0
0.21091216878655944,0.420272100005059,5.0
